2	-2.572602	.
3	-3.022302	'
4	-3.045632	▁i
5	-3.319919	,
6	-3.486767	▁you
7	-3.652289	▁to
8	-3.734711	s
9	-3.801619	▁it
10	-4.019352	▁a
11	-4.109336	▁and
12	-4.199408	▁the
13	-4.255233	▁that
14	-4.372509	m
15	-4.389694	?
16	-4.716079	▁just
17	-4.722382	!
18	-4.746198	▁of
19	-4.748301	t
20	-4.816084	▁for
21	-4.849977	▁we
22	-4.857472	▁so
23	-5.023676	re
24	-5.058676	▁really
25	-5.061875	▁me
26	-5.065317	▁like
27	-5.068761	▁but
28	-5.080409	▁can
29	-5.088669	▁in
30	-5.147048	▁have
31	-5.157355	▁be
32	-5.165105	▁do
33	-5.181458	▁my
34	-5.215514	▁know
35	-5.222028	▁what
36	-5.274013	▁about
37	-5.274025	▁with
38	-5.275459	▁yeah
39	-5.277547	▁been
40	-5.374079	▁your
41	-5.421670	ve
42	-5.473202	▁how
43	-5.479830	▁is
44	-5.482467	▁well
45	-5.496770	▁not
46	-5.512801	▁are
47	-5.533754	▁was
48	-5.534112	▁on
49	-5.604694	▁
50	-5.605716	▁out
51	-5.605979	▁good
52	-5.625228	▁this
53	-5.658141	▁great
54	-5.707024	▁think
55	-5.727943	ll
56	-5.749014	▁don
57	-5.795461	▁too
58	-5.864182	▁going
59	-5.867974	▁there
60	-5.892258	▁get
61	-5.895614	▁all
62	-5.919924	▁up
63	-5.925373	▁time
64	-5.928906	▁lot
65	-5.970087	▁want
66	-5.992207	▁if
67	-6.000740	▁much
68	-6.001155	▁some
69	-6.016506	▁feel
70	-6.039042	▁hey
71	-6.074615	▁sure
72	-6.093488	▁something
73	-6.097121	▁see
74	-6.114340	▁thanks
75	-6.127842	▁doing
76	-6.129100	▁always
77	-6.133911	▁work
78	-6.155271	▁love
79	-6.178793	▁here
80	-6.179695	▁they
81	-6.191839	▁at
82	-6.226311	▁now
83	-6.231743	▁go
84	-6.257762	▁help
85	-6.278334	▁no
86	-6.279868	▁right
87	-6.291262	▁make
88	-6.294591	▁sounds
89	-6.301808	▁things
90	-6.306408	▁more
91	-6.307302	▁would
92	-6.323368	▁could
93	-6.325087	▁need
94	-6.340501	▁let
95	-6.342132	▁thank
96	-6.450815	▁new
97	-6.458637	▁okay
98	-6.484407	▁one
99	-6.502698	▁definitely
100	-6.511390	▁people
101	-6.518652	▁when
102	-6.523914	▁from
103	-6.534887	▁way
104	-6.538660	▁or
105	-6.548015	▁glad
106	-6.562802	▁oh
107	-6.564970	▁take
108	-6.617585	▁day
109	-6.680213	▁our
110	-6.695203	▁maybe
111	-6.713832	▁then
112	-6.737605	▁anything
113	-6.740836	▁fun
114	-6.772136	▁lately
115	-6.794409	▁talk
116	-6.795309	▁everything
117	-6.797377	▁try
118	-6.833087	▁life
119	-6.858975	▁them
120	-6.859147	▁today
121	-6.862915	▁better
122	-6.887093	▁friends
123	-6.893394	▁wanted
124	-6.899360	▁should
125	-6.900784	▁other
126	-6.900857	▁nice
127	-6.901904	▁did
128	-6.902551	▁sorry
129	-6.902927	d
130	-6.915664	▁yes
131	-6.934560	▁will
132	-6.938783	▁any
133	-6.943300	▁as
134	-6.950165	▁pretty
135	-6.953289	▁feeling
136	-6.965954	▁had
137	-6.966436	▁hard
138	-6.968233	▁hi
139	-6.973116	▁happy
140	-6.975848	i
141	-6.991210	▁thinking
142	-7.011394	▁appreciate
143	-7.013573	▁little
144	-7.042892	▁were
145	-7.045482	▁an
146	-7.052148	▁why
147	-7.054444	▁together
148	-7.068111	▁come
149	-7.076777	▁being
150	-7.080693	▁getting
151	-7.091612	▁got
152	-7.091887	▁mean
153	-7.105847	▁look
154	-7.108594	▁sometimes
155	-7.129268	▁job
156	-7.146986	▁he
157	-7.154973	▁able
158	-7.167454	▁looking
159	-7.169825	▁find
160	-7.182001	▁busy
161	-7.182181	▁start
162	-7.185530	▁back
163	-7.187040	▁also
164	-7.187099	-
165	-7.189755	▁guess
166	-7.198793	▁trying
167	-7.198914	▁who
168	-7.213606	▁around
169	-7.216089	▁very
170	-7.231888	▁tough
171	-7.240981	▁by
172	-7.246176	▁while
173	-7.252097	▁has
174	-7.257090	▁working
175	-7.261729	▁important
176	-7.264608	▁keep
177	-7.268384	▁never
178	-7.288067	▁because
179	-7.294889	▁she
180	-7.299620	▁over
181	-7.303459	▁amazing
182	-7.305379	▁few
183	-7.317324	▁best
184	-7.328540	▁different
185	-7.329166	▁school
186	-7.337604	▁even
187	-7.350554	▁us
188	-7.364480	▁believe
189	-7.371857	▁makes
190	-7.376351	▁place
191	-7.377843	▁into
192	-7.379827	▁problem
193	-7.387829	▁hanging
194	-7.389900	▁didn
195	-7.393758	▁enjoy
196	-7.395815	▁again
197	-7.401533	▁home
198	-7.415306	ing
199	-7.427719	▁down
200	-7.428029	▁myself
201	-7.434342	▁might
202	-7.443590	▁still
203	-7.444166	▁bit
204	-7.445843	▁actually
205	-7.445955	▁family
206	-7.449079	▁else
207	-7.449114	▁say
208	-7.456557	▁before
209	-7.462897	▁stuff
210	-7.469537	▁same
211	-7.471941	a
212	-7.481112	▁understand
213	-7.493922	▁yourself
214	-7.498201	▁first
215	-7.506779	▁through
216	-7.506873	▁than
217	-7.510952	▁done
218	-7.519547	▁world
219	-7.524104	▁where
220	-7.530334	▁absolutely
221	-7.538496	▁big
222	-7.562278	▁someone
223	-7.566537	▁thought
224	-7.572243	y
225	-7.574914	▁tell
226	-7.581266	▁alright
227	-7.590527	▁course
228	-7.594155	▁long
229	-7.598752	▁give
230	-7.599969	▁fine
231	-7.600345	▁hear
232	-7.607309	▁plus
233	-7.612857	▁kind
234	-7.618385	n
235	-7.619256	▁own
236	-7.619786	▁thing
237	-7.633296	▁stay
238	-7.642501	▁each
239	-7.654583	▁feels
240	-7.670115	▁idea
241	-7.673427	▁play
242	-7.689555	▁her
243	-7.700687	▁taking
244	-7.701654	ed
245	-7.705184	▁after
246	-7.709612	▁bad
247	-7.718312	▁off
248	-7.721036	▁their
249	-7.723323	▁having
250	-7.723803	▁relax
251	-7.725646	▁those
252	-7.738647	▁nothing
253	-7.742302	▁everyone
254	-7.742970	▁money
255	-7.744956	▁enjoying
256	-7.746428	▁wow
257	-7.748953	▁finally
258	-7.758194	▁next
259	-7.760141	▁am
260	-7.771847	▁such
261	-7.774621	▁making
262	-7.778769	▁care
263	-7.781157	▁excited
264	-7.789666	e
265	-7.798270	▁since
266	-7.800011	▁made
267	-7.807019	▁coming
268	-7.809731	▁usual
269	-7.821570	▁cool
270	-7.821938	▁true
271	-7.823782	▁favorite
272	-7.833814	▁beautiful
273	-7.833888	▁ever
274	-7.836089	▁exactly
275	-7.850465	▁ready
276	-7.853565	▁talking
277	-7.884811	▁meet
278	-7.890247	▁learn
279	-7.890952	▁put
280	-7.891459	▁though
281	-7.892172	▁car
282	-7.896816	▁mom
283	-7.902372	▁worth
284	-7.905427	▁asking
285	-7.911790	▁every
286	-7.916329	▁looks
287	-7.916651	▁doesn
288	-7.917165	▁read
289	-7.928705	▁away
290	-7.941754	▁mind
291	-7.947896	▁said
292	-7.962988	▁hope
293	-7.970652	▁happened
294	-7.972659	▁use
295	-7.982643	▁"
296	-7.984634	▁yet
297	-7.986844	▁sense
298	-7.987175	▁show
299	-7.994355	▁perfect
300	-8.007751	▁interested
301	-8.022464	▁started
302	-8.022714	▁soon
303	-8.023401	▁him
304	-8.028778	▁house
305	-8.036700	▁happen
306	-8.043343	▁most
307	-8.048294	▁enough
308	-8.048963	▁years
309	-8.051319	▁music
310	-8.052690	▁end
311	-8.054749	▁must
312	-8.060440	▁please
313	-8.067120	▁far
314	-8.068525	▁worry
315	-8.071676	▁used
316	-8.081941	▁these
317	-8.091074	▁last
318	-8.094568	▁change
319	-8.104858	▁went
320	-8.109028	▁many
321	-8.111783	▁both
322	-8.113613	▁interesting
323	-8.126534	▁break
324	-8.127497	▁haven
325	-8.128058	▁without
326	-8.128135	▁remember
327	-8.130717	▁wrong
328	-8.136129	▁imagine
329	-8.147250	▁week
330	-8.156030	▁does
331	-8.158890	▁sarah
332	-8.159903	▁wait
333	-8.163249	▁seem
334	-8.167109	."
335	-8.168782	▁only
336	-8.199087	▁figure
337	-8.204077	▁easy
338	-8.206183	▁food
339	-8.208134	▁isn
340	-8.208221	▁won
341	-8.218167	▁starting
342	-8.221919	▁sometime
343	-8.224576	▁anyone
344	-8.228951	er
345	-8.230057	▁wish
346	-8.233304	▁saw
347	-8.235431	▁live
348	-8.243741	▁experience
349	-8.247103	▁welcome
350	-8.251688	▁person
351	-8.267070	▁means
352	-8.267393	▁man
353	-8.270079	▁part
354	-8.276332	▁proud
355	-8.288449	▁found
356	-8.292338	▁city
357	-8.293771	▁once
358	-8.295836	▁seems
359	-8.296511	▁playing
360	-8.301565	▁spend
361	-8.314919	▁two
362	-8.327004	▁hurt
363	-8.332685	▁ask
364	-8.337127	▁old
365	-8.352562	▁seen
366	-8.357553	▁book
367	-8.359441	▁deal
368	-8.360135	▁company
369	-8.362433	▁matter
370	-8.363138	▁night
371	-8.363353	▁friend
372	-8.367946	▁exciting
373	-8.369229	▁anymore
374	-8.372842	▁head
375	-8.373244	▁watch
376	-8.379480	▁forward
377	-8.385781	▁living
378	-8.390939	▁spending
379	-8.397931	▁move
380	-8.401841	▁miss
381	-8.401875	▁difference
382	-8.403621	o
383	-8.407054	▁came
384	-8.412965	▁careful
385	-8.421992	ly
386	-8.440092	▁walk
387	-8.447337	▁tonight
388	-8.448362	▁least
389	-8.448705	▁helping
390	-8.449958	▁project
391	-8.451787	▁business
392	-8.453178	▁year
393	-8.472895	▁days
394	-8.472944	▁games
395	-8.477040	▁trouble
396	-8.486468	▁already
397	-8.489635	▁sound
398	-8.489717	▁check
399	-8.493037	▁team
400	-8.502777	▁chance
401	-8.521527	on
402	-8.527655	▁boss
403	-8.540130	▁hang
404	-8.541161	▁loved
405	-8.542584	▁future
406	-8.542983	r
407	-8.548328	▁wondering
408	-8.549752	▁game
409	-8.557809	▁possible
410	-8.559167	▁plan
411	-8.560394	▁focus
412	-8.564691	▁movie
413	-8.565596	▁probably
414	-8.589502	▁lucky
415	-8.595837	en
416	-8.599871	▁agree
417	-8.599891	▁another
418	-8.606497	▁learning
419	-8.608293	▁decided
420	-8.613842	▁class
421	-8.622890	▁room
422	-8.626406	▁set
423	-8.626703	▁needed
424	-8.628030	▁eat
425	-8.635473	in
426	-8.636261	▁listen
427	-8.636904	▁trip
428	-8.637565	▁kids
429	-8.638723	▁party
430	-8.642560	▁often
431	-8.647351	▁books
432	-8.651596	▁water
433	-8.652369	▁tired
434	-8.653166	▁heard
435	-8.663363	▁dad
436	-8.664191	▁lost
437	-8.668255	na
438	-8.669981	▁stop
439	-8.674798	▁reading
440	-8.681697	▁college
441	-8.683142	▁close
442	-8.685184	▁couldn
443	-8.689034	▁point
444	-8.690531	▁park
445	-8.692322	▁seeing
446	-8.693455	▁promise
447	-8.698521	▁catch
448	-8.701798	▁felt
449	-8.710395	▁nature
450	-8.710395	▁times
451	-8.712083	▁parents
452	-8.713043	▁talked
453	-8.714635	ra
454	-8.721296	▁worried
455	-8.723053	▁whatever
456	-8.725095	▁small
457	-8.727892	▁call
458	-8.727982	▁places
459	-8.730773	▁hiking
460	-8.737681	▁name
461	-8.742473	▁movies
462	-8.743154	▁keeping
463	-8.746580	▁awesome
464	-8.752441	▁special
465	-8.752761	▁leave
466	-8.754313	▁tomorrow
467	-8.759405	▁pay
468	-8.762144	▁support
469	-8.762528	▁which
470	-8.763135	▁weekend
471	-8.767204	▁alone
472	-8.775483	▁lives
473	-8.775510	▁forever
474	-8.777653	▁others
475	-8.781192	▁run
476	-8.781453	▁doctor
477	-8.791936	▁either
478	-8.796772	▁travel
479	-8.800688	▁morning
480	-8.802107	▁town
481	-8.802793	▁wasn
482	-8.806581	▁store
483	-8.817504	▁his
484	-8.831945	▁trust
485	-8.838544	▁congratulations
486	-8.838592	la
487	-8.840879	▁sweet
488	-8.845899	▁hoping
489	-8.849047	ah
490	-8.856318	▁months
491	-8.857315	le
492	-8.858059	▁decision
493	-8.861733	el
494	-8.862049	▁fresh
495	-8.865774	an
496	-8.869083	▁video
497	-8.871380	▁visit
498	-8.886452	▁confident
499	-8.891601	▁rest
500	-8.892938	▁positive
501	-8.893265	▁moment
502	-8.894384	▁left
503	-8.898849	▁wouldn
504	-8.902205	▁safe
505	-8.902949	▁worked
506	-8.906029	▁control
507	-8.906281	▁explore
508	-8.909439	▁outside
509	-8.909460	▁buy
510	-8.911150	▁open
511	-8.918336	▁weeks
512	-8.922788	▁clear
513	-8.925763	▁especially
514	-8.926843	ie
515	-8.926909	▁comes
516	-8.927939	▁later
517	-8.939506	b
518	-8.939557	▁story
519	-8.939833	▁ok
520	-8.942555	▁forget
521	-8.943177	▁options
522	-8.944678	▁free
523	-8.951279	h
524	-8.951493	▁incredible
525	-8.952771	▁moving
526	-8.954564	▁until
527	-8.958447	▁whole
528	-8.959571	▁took
529	-8.960831	es
530	-8.963058	▁coffee
531	-8.963295	▁real
532	-8.963436	▁dog
533	-8.967414	▁fit
534	-8.970569	▁deserve
535	-8.970843	▁history
536	-8.977886	u
537	-8.979948	p
538	-8.982753	▁quite
539	-8.985831	▁sit
540	-8.995113	▁running
541	-8.998847	▁weather
542	-8.999599	▁meaning
543	-9.003716	▁rewarding
544	-9.006913	v
545	-9.007419	▁difficult
546	-9.007728	▁dinner
547	-9.008883	▁test
548	-9.009504	▁wanting
549	-9.012040	▁plans
550	-9.015288	▁upset
551	-9.018050	▁clean
552	-9.021045	▁share
553	-9.022431	▁eventually
554	-9.023982	▁son
555	-9.025179	▁struggling
556	-9.028275	▁healthy
557	-9.040428	▁comfortable
558	-9.041226	▁situation
559	-9.045195	▁sick
560	-9.053417	l
561	-9.054866	▁air
562	-9.055556	ri
563	-9.055902	▁instead
564	-9.055929	▁gone
565	-9.060111	▁ago
566	-9.061889	▁peaceful
567	-9.061934	▁tried
568	-9.064448	▁opportunity
569	-9.074529	▁-
570	-9.090955	ia
571	-9.091416	▁clothes
572	-9.092885	▁giving
573	-9.097014	▁advice
574	-9.102650	▁stuck
575	-9.106384	al
576	-9.108834	▁finding
577	-9.114631	▁late
578	-9.119089	▁math
579	-9.120395	▁write
580	-9.120971	▁meeting
581	-9.123534	▁hours
582	-9.125008	▁saying
583	-9.132163	▁art
584	-9.133471	▁finished
585	-9.137800	▁save
586	-9.139935	▁offer
587	-9.141831	▁serious
588	-9.143426	▁happens
589	-9.144554	▁case
590	-9.144928	▁willing
591	-9.145726	▁pain
592	-9.146359	▁relaxing
593	-9.147673	▁watching
594	-9.151135	▁ideas
595	-9.154337	▁animals
596	-9.154836	▁goes
597	-9.155298	▁along
598	-9.155468	▁research
599	-9.165363	▁crazy
600	-9.166361	▁usually
601	-9.167026	▁ahead
602	-9.171135	▁honest
603	-9.171666	▁hmm
604	-9.172539	▁mostly
605	-9.175480	▁studying
606	-9.176279	it
607	-9.177637	▁understanding
608	-9.179856	▁between
609	-9.179866	▁pick
610	-9.182062	▁walking
611	-9.182602	▁grow
612	-9.183829	▁fair
613	-9.185514	▁step
614	-9.185905	li
615	-9.187714	▁strong
616	-9.189732	▁relationship
617	-9.193078	▁helped
618	-9.193156	▁stand
619	-9.194324	▁dream
620	-9.194440	or
621	-9.197417	▁homework
622	-9.201385	▁second
623	-9.206823	▁improve
624	-9.206992	▁anyway
625	-9.207580	▁high
626	-9.207980	▁handle
627	-9.208531	▁passionate
628	-9.210203	▁noticed
629	-9.211622	▁past
630	-9.213487	▁exploring
631	-9.216447	▁career
632	-9.222158	▁frustrating
633	-9.224782	▁guys
634	-9.228093	▁supposed
635	-9.232738	lyn
636	-9.237688	▁under
637	-9.238233	▁beach
638	-9.238482	▁writing
639	-9.243569	▁sleep
640	-9.249880	▁may
641	-9.251734	▁phone
642	-9.256232	▁honey
643	-9.256425	▁ka
644	-9.257191	▁happening
645	-9.258359	▁top
646	-9.259435	▁k
647	-9.260778	▁looked
648	-9.263225	▁turn
649	-9.263475	▁moved
650	-9.263489	ya
651	-9.264853	ne
652	-9.268963	▁drink
653	-9.269167	▁stressed
654	-9.269547	▁country
655	-9.271094	▁sweetie
656	-9.271835	▁hit
657	-9.271955	▁shopping
658	-9.273357	▁extra
659	-9.274431	▁planning
660	-9.277379	▁god
661	-9.278351	▁helpful
662	-9.279254	g
663	-9.281141	▁girl
664	-9.287258	▁told
665	-9.289726	▁online
666	-9.293442	▁cold
667	-9.294279	▁inside
668	-9.294387	▁overall
669	-9.301086	ion
670	-9.301313	▁hello
671	-9.302235	▁classes
672	-9.302833	▁potential
673	-9.304870	▁lunch
674	-9.311657	k
675	-9.311900	▁practice
676	-9.312540	▁behind
677	-9.317727	▁space
678	-9.318758	▁summer
679	-9.319293	▁win
680	-9.319715	th
681	-9.321008	▁delicious
682	-9.323044	▁using
683	-9.324130	▁knowing
684	-9.325748	▁process
685	-9.328835	▁otherwise
686	-9.330375	▁effort
687	-9.334270	▁understandable
688	-9.335668	▁fan
689	-9.336659	▁knew
690	-9.339622	▁exercise
691	-9.340500	ha
692	-9.346852	▁become
693	-9.351035	▁energy
694	-9.351873	▁called
695	-9.353497	▁successful
696	-9.354208	▁sun
697	-9.357479	▁cook
698	-9.358794	▁1
699	-9.367500	▁order
700	-9.368717	▁caught
701	-9.368720	▁baby
702	-9.369654	▁create
703	-9.370067	▁outdoors
704	-9.370634	▁minute
705	-9.371905	▁month
706	-9.372122	▁2
707	-9.372210	▁full
708	-9.372264	▁scary
709	-9.374167	▁question
710	-9.376377	▁problems
711	-9.377677	▁yesterday
712	-9.381234	▁grab
713	-9.381242	▁recently
714	-9.382596	▁service
715	-9.384353	▁information
716	-9.387509	▁community
717	-9.387959	▁completely
718	-9.389842	▁hand
719	-9.389912	▁funny
720	-9.390823	▁finish
721	-9.393737	▁ways
722	-9.395370	▁de
723	-9.398212	▁teacher
724	-9.399105	▁telling
725	-9.400148	▁short
726	-9.401436	▁grateful
727	-9.404245	▁nervous
728	-9.404632	0
729	-9.405477	▁challenge
730	-9.406659	▁common
731	-9.406688	▁learned
732	-9.410143	▁calm
733	-9.411541	▁hopefully
734	-9.411948	▁dress
735	-9.412945	▁skills
736	-9.413892	▁takes
737	-9.414342	▁plenty
738	-9.416064	▁eating
739	-9.419001	▁fast
740	-9.419632	▁questions
741	-9.420609	▁stress
742	-9.421676	▁drive
743	-9.423627	▁health
744	-9.424202	f
745	-9.426595	▁somewhere
746	-9.427457	▁color
747	-9.427897	▁certainly
748	-9.428245	▁overwhelmed
749	-9.428852	▁touch
750	-9.436858	▁cut
751	-9.439748	▁date
752	-9.440805	▁friendly
753	-9.444794	▁face
754	-9.444843	▁father
755	-9.445727	▁tv
756	-9.448267	▁kid
757	-9.450296	▁angry
758	-9.451078	▁dance
759	-9.451138	▁afraid
760	-9.451797	▁side
761	-9.453216	▁ha
762	-9.455026	z
763	-9.455229	▁choice
764	-9.455981	▁ma
765	-9.458638	▁shows
766	-9.458866	▁smart
767	-9.460022	▁attention
768	-9.461297	▁challenging
769	-9.463879	▁fight
770	-9.464285	▁sister
771	-9.464401	▁guy
772	-9.465822	▁progress
773	-9.467526	▁fix
774	-9.470263	▁bed
775	-9.471563	▁during
776	-9.472179	▁putting
777	-9.472867	▁besides
778	-9.480983	▁bring
779	-9.486895	▁shouldn
780	-9.488515	▁waiting
781	-9.489979	▁painting
782	-9.491668	▁eye
783	-9.492867	▁missed
784	-9.494285	ce
785	-9.496194	▁scared
786	-9.498616	▁reason
787	-9.499308	▁study
788	-9.500412	▁ride
789	-9.512356	▁worse
790	-9.512399	▁driving
791	-9.512592	▁c
792	-9.514356	▁fall
793	-9.515403	ni
794	-9.517654	▁helps
795	-9.517880	▁goals
796	-9.518193	▁ourselves
797	-9.519546	▁example
798	-9.519798	▁light
799	-9.522265	▁wonderful
800	-9.532363	▁alive
801	-9.533166	▁vacation
802	-9.536987	te
803	-9.537171	▁ice
804	-9.539756	▁cat
805	-9.539908	▁natural
806	-9.544204	▁boring
807	-9.553072	▁hair
808	-9.556078	to
809	-9.558379	▁lose
810	-9.559940	▁mine
811	-9.564760	▁road
812	-9.565217	▁stories
813	-9.565985	▁street
814	-9.566823	▁ran
815	-9.567490	▁achieve
816	-9.567551	▁answer
817	-9.568006	"
818	-9.568125	▁area
819	-9.572291	▁customer
820	-9.572743	▁john
821	-9.578128	▁listening
822	-9.580024	ar
823	-9.587797	▁walks
824	-9.587939	▁simple
825	-9.592007	▁track
826	-9.592415	▁marketing
827	-9.592609	▁position
828	-9.593087	▁news
829	-9.596460	lo
830	-9.598819	▁popular
831	-9.599969	▁mistakes
832	-9.601286	▁longer
833	-9.602731	▁easier
834	-9.603221	▁responsibility
835	-9.604692	▁europe
836	-9.607372	c
837	-9.607478	▁line
838	-9.607645	▁dancing
839	-9.611365	▁cooking
840	-9.612755	▁hot
841	-9.614218	▁minutes
842	-9.614529	▁aww
843	-9.615071	▁body
844	-9.616265	▁quickly
845	-9.618538	▁terrible
846	-9.622678	▁played
847	-9.625512	▁peace
848	-9.631122	▁customers
849	-9.631292	▁mad
850	-9.631426	▁co
851	-9.633578	▁type
852	-9.634925	▁sir
853	-9.635103	▁anywhere
854	-9.635107	ry
855	-9.636404	▁quick
856	-9.638760	▁huge
857	-9.640196	w
858	-9.641196	▁chicken
859	-9.645315	▁letting
860	-9.645851	▁join
861	-9.650778	▁list
862	-9.651949	▁married
863	-9.652079	▁wear
864	-9.653495	▁almost
865	-9.653665	▁enjoyed
866	-9.653767	▁dogs
867	-9.653995	the
868	-9.654032	▁luck
869	-9.654413	▁fact
870	-9.654511	▁specific
871	-9.655050	▁overwhelming
872	-9.657147	▁early
873	-9.659672	▁hands
874	-9.662579	▁rock
875	-9.662998	x
876	-9.666699	▁office
877	-9.671572	▁social
878	-9.673693	▁young
879	-9.679053	▁sad
880	-9.681343	▁hate
881	-9.682164	il
882	-9.684919	▁excellent
883	-9.687790	▁fighting
884	-9.689398	▁prepared
885	-9.690999	▁field
886	-9.694450	▁against
887	-9.696156	▁practicing
888	-9.697684	▁matters
889	-9.698230	▁number
890	-9.698310	▁choose
891	-9.699232	▁seriously
892	-9.702146	▁ta
893	-9.704644	▁heart
894	-9.705141	▁realized
895	-9.705345	▁add
896	-9.705570	▁teach
897	-9.708134	▁deep
898	-9.709154	▁three
899	-9.710840	▁follow
900	-9.713529	▁swimming
901	-9.714582	▁afford
902	-9.715861	▁totally
903	-9.717363	▁attitude
904	-9.717808	▁paying
905	-9.720119	▁less
906	-9.721316	▁raise
907	-9.722470	▁goal
908	-9.723986	▁paid
909	-9.724508	▁connect
910	-9.726896	▁e
911	-9.728607	▁piece
912	-9.729237	▁cultures
913	-9.731149	▁speak
914	-9.733474	▁cute
915	-9.735200	▁b
916	-9.735338	▁personal
917	-9.740450	▁quiet
918	-9.741977	▁shape
919	-9.744656	▁hold
920	-9.744927	▁da
921	-9.750338	▁bored
922	-9.752194	▁turned
923	-9.752253	▁given
924	-9.752765	us
925	-9.757778	▁key
926	-9.758247	▁la
927	-9.759180	▁younger
928	-9.761242	▁cream
929	-9.761480	▁culture
930	-9.762328	▁local
931	-9.764426	▁mistake
932	-9.768095	▁york
933	-9.769371	▁reach
934	-9.770204	▁bet
935	-9.772257	ro
936	-9.780711	▁liked
937	-9.781848	▁general
938	-9.784101	▁material
939	-9.784124	▁however
940	-9.784415	▁blue
941	-9.786502	▁considering
942	-9.787153	▁staying
943	-9.787853	▁growing
944	-9.788630	▁10
945	-9.788787	▁someday
946	-9.791687	▁explain
947	-9.794506	▁cake
948	-9.797018	▁balance
949	-9.799139	▁hike
950	-9.801605	▁unique
951	-9.801608	▁birthday
952	-9.801899	▁design
953	-9.802802	▁excuse
954	-9.805799	▁frustrated
955	-9.806643	▁apart
956	-9.808697	▁board
957	-9.808806	▁mood
958	-9.812467	▁impressed
959	-9.812554	▁changes
960	-9.815233	▁normal
961	-9.816667	▁pressure
962	-9.817883	▁mother
963	-9.823700	▁sign
964	-9.825131	▁needs
965	-9.825886	ch
966	-9.828108	▁taken
967	-9.830914	▁student
968	-9.830973	▁kinds
969	-9.831062	▁mess
970	-9.832303	ur
971	-9.832815	▁computer
972	-9.835183	▁sort
973	-9.835597	▁weight
974	-9.837677	▁sha
975	-9.838759	▁neighborhood
976	-9.839303	▁results
977	-9.839380	▁lonely
978	-9.839965	▁hearing
979	-9.840624	▁science
980	-9.840879	▁un
981	-9.841331	▁bike
982	-9.843113	▁earlier
983	-9.845231	▁decide
984	-9.850545	▁red
985	-9.851877	da
986	-9.852803	ja
987	-9.853340	▁view
988	-9.855005	▁success
989	-9.855657	▁front
990	-9.856300	▁missing
991	-9.856473	▁style
992	-9.856919	▁fascinating
993	-9.856949	▁grades
994	-9.857394	▁song
995	-9.857854	▁realize
996	-9.859554	▁fiction
997	-9.860126	▁build
998	-9.860577	ation
999	-9.861023	▁hour
1000	-9.862135	▁perfectly
1001	-9.864442	▁present
1002	-9.865289	▁camping
1003	-9.865806	▁provide
1004	-9.867024	▁aren
1005	-9.876458	▁talented
1006	-9.877929	▁j
1007	-9.878130	▁warm
1008	-9.878294	▁calming
1009	-9.879702	▁acting
1010	-9.880763	▁involved
1011	-9.882696	▁perspective
1012	-9.883781	ers
1013	-9.884721	▁seat
1014	-9.886477	▁garden
1015	-9.889708	▁constantly
1016	-9.890985	▁chocolate
1017	-9.891639	▁schedule
1018	-9.892255	▁hospital
1019	-9.895216	▁mr
1020	-9.895405	▁product
1021	-9.895572	▁six
1022	-9.898615	son
1023	-9.899520	▁continue
1024	-9.901588	▁adventure
1025	-9.902584	ley
1026	-9.905515	▁speaking
1027	-9.908162	▁apartment
1028	-9.910106	▁shoes
1029	-9.910145	▁coach
1030	-9.912880	▁meant
1031	-9.913894	▁price
1032	-9.916365	▁succeed
1033	-9.916591	▁band
1034	-9.918157	▁degree
1035	-9.918768	▁power
1036	-9.918829	▁becoming
1037	-9.920665	▁na
1038	-9.923948	▁focused
1039	-9.924183	▁level
1040	-9.924548	ke
1041	-9.925920	▁broke
1042	-9.927545	▁colors
1043	-9.928933	▁child
1044	-9.928971	▁babe
1045	-9.929063	▁bought
1046	-9.932393	▁gotten
1047	-9.932599	▁ground
1048	-9.933557	lee
1049	-9.936241	▁creative
1050	-9.937339	▁decisions
1051	-9.940107	▁group
1052	-9.940485	▁meantime
1053	-9.942345	▁taste
1054	-9.942642	▁children
1055	-9.943047	▁fire
1056	-9.944757	▁sports
1057	-9.947228	▁action
1058	-9.949548	▁library
1059	-9.949703	?"
1060	-9.951692	▁determined
1061	-9.952847	ir
1062	-9.954471	▁sell
1063	-9.954989	▁opinion
1064	-9.955709	▁pictures
1065	-9.957830	▁accident
1066	-9.957850	▁paper
1067	-9.960174	▁seemed
1068	-9.963622	▁market
1069	-9.964497	▁organized
1070	-9.968442	▁system
1071	-9.970372	▁law
1072	-9.970541	ina
1073	-9.970599	▁stressful
1074	-9.971725	▁um
1075	-9.972691	▁available
1076	-9.976320	▁war
1077	-9.976537	no
1078	-9.976979	▁passion
1079	-9.977669	▁husband
1080	-9.977787	▁role
1081	-9.979095	▁awhile
1082	-9.979095	▁medication
1083	-9.981434	▁ca
1084	-9.981982	▁weird
1085	-9.982540	▁saving
1086	-9.984695	▁spot
1087	-9.987411	▁card
1088	-9.988462	▁words
1089	-9.989324	▁lie
1090	-9.989600	ge
1091	-9.990863	▁talent
1092	-9.991308	▁fault
1093	-9.993569	▁shot
1094	-9.995655	▁causing
1095	-9.996639	▁respect
1096	-10.000165	▁stick
1097	-10.003049	▁sitting
1098	-10.005137	▁couple
1099	-10.005871	▁wife
1100	-10.007212	▁environment
1101	-10.007680	▁chat
1102	-10.010415	ine
1103	-10.011018	▁promotion
1104	-10.011024	▁rough
1105	-10.013012	▁current
1106	-10.016079	▁shop
1107	-10.019348	me
1108	-10.020647	▁black
1109	-10.020647	▁responsible
1110	-10.023197	▁beat
1111	-10.023629	▁police
1112	-10.024346	▁self
1113	-10.024455	ter
1114	-10.025689	za
1115	-10.026449	▁sucks
1116	-10.031122	▁leaving
1117	-10.032146	▁issue
1118	-10.034698	▁fashion
1119	-10.034853	▁sing
1120	-10.034890	▁report
1121	-10.035380	▁door
1122	-10.036402	▁budget
1123	-10.039188	▁fish
1124	-10.040949	▁expensive
1125	-10.041045	▁types
1126	-10.043171	▁offering
1127	-10.045341	▁x
1128	-10.046525	▁falling
1129	-10.047156	▁account
1130	-10.051335	▁depends
1131	-10.051916	2
1132	-10.052231	up
1133	-10.053166	▁relaxed
1134	-10.053896	▁fell
1135	-10.053952	▁selection
1136	-10.056443	am
1137	-10.057089	▁five
1138	-10.057713	ee
1139	-10.060148	▁gave
1140	-10.060896	▁kitchen
1141	-10.063440	▁products
1142	-10.064196	▁changed
1143	-10.066739	▁li
1144	-10.067318	▁asked
1145	-10.068526	▁connected
1146	-10.069285	▁fishing
1147	-10.070534	▁slow
1148	-10.070792	▁eyes
1149	-10.072329	▁expect
1150	-10.072566	▁dark
1151	-10.072587	▁pizza
1152	-10.073371	▁memories
1153	-10.074478	▁age
1154	-10.075794	▁ya
1155	-10.076572	▁shirt
1156	-10.078878	▁beauty
1157	-10.079289	▁paint
1158	-10.080647	ic
1159	-10.081267	▁satisfying
1160	-10.081467	lan
1161	-10.084341	▁four
1162	-10.084484	▁following
1163	-10.086649	▁characters
1164	-10.087600	▁gym
1165	-10.088928	▁meal
1166	-10.089189	▁gift
1167	-10.090711	▁nope
1168	-10.090784	▁managing
1169	-10.091036	de
1170	-10.091126	▁rain
1171	-10.091426	▁laugh
1172	-10.092590	▁o
1173	-10.093983	▁soccer
1174	-10.096138	▁honestly
1175	-10.097742	▁wonder
1176	-10.097773	▁bills
1177	-10.102583	▁students
1178	-10.102908	▁lead
1179	-10.105259	▁grocery
1180	-10.107266	▁send
1181	-10.107763	▁dating
1182	-10.110131	▁basketball
1183	-10.110742	va
1184	-10.113494	ana
1185	-10.116599	▁restaurant
1186	-10.117406	▁interests
1187	-10.117484	▁faith
1188	-10.117738	▁feelings
1189	-10.119125	▁themselves
1190	-10.119603	▁harder
1191	-10.121150	▁died
1192	-10.122416	▁guitar
1193	-10.124672	▁strange
1194	-10.126591	▁surrounded
1195	-10.131522	▁similar
1196	-10.132178	▁singing
1197	-10.132357	▁rather
1198	-10.134014	▁bar
1199	-10.134136	▁skin
1200	-10.135002	▁whenever
1201	-10.135785	sh
1202	-10.138209	▁vegetables
1203	-10.138413	ka
1204	-10.139645	▁near
1205	-10.139689	▁fly
1206	-10.141685	▁woman
1207	-10.144075	▁journey
1208	-10.146649	▁originally
1209	-10.147902	▁changing
1210	-10.148731	lin
1211	-10.148872	▁projects
1212	-10.150835	▁inviting
1213	-10.151615	▁smell
1214	-10.152862	est
1215	-10.152922	▁gosh
1216	-10.153011	▁mar
1217	-10.153381	▁silence
1218	-10.155261	▁...
1219	-10.156674	▁flowers
1220	-10.156787	▁stupid
1221	-10.158524	dy
1222	-10.159268	ber
1223	-10.160178	▁writer
1224	-10.160269	▁race
1225	-10.160351	▁building
1226	-10.161221	▁huh
1227	-10.162764	▁hadn
1228	-10.166085	ca
1229	-10.168865	▁table
1230	-10.170486	ck
1231	-10.171665	▁avoid
1232	-10.172249	▁secret
1233	-10.174411	▁z
1234	-10.174658	▁cause
1235	-10.174720	▁bother
1236	-10.176496	at
1237	-10.176599	▁jealous
1238	-10.178140	▁treat
1239	-10.178273	00
1240	-10.178396	man
1241	-10.180221	ity
1242	-10.181839	▁dangerous
1243	-10.182014	▁ro
1244	-10.182326	▁feet
1245	-10.182485	▁human
1246	-10.183403	▁voice
1247	-10.186756	▁state
1248	-10.186999	▁brother
1249	-10.187080	▁workout
1250	-10.187922	▁bus
1251	-10.187957	▁truth
1252	-10.187972	▁opportunities
1253	-10.188209	▁cost
1254	-10.188805	▁word
1255	-10.189733	▁closer
1256	-10.191292	▁surprised
1257	-10.191803	user
1258	-10.191991	▁risk
1259	-10.192141	▁training
1260	-10.193046	▁particular
1261	-10.201258	▁church
1262	-10.202156	▁active
1263	-10.202534	▁bill
1264	-10.204131	and
1265	-10.204646	▁accept
1266	-10.205095	▁ones
1267	-10.205370	able
1268	-10.206864	▁ball
1269	-10.207197	▁weren
1270	-10.207520	▁curious
1271	-10.207824	▁major
1272	-10.209315	▁english
1273	-10.213591	▁cars
1274	-10.214741	▁supportive
1275	-10.215055	▁motivated
1276	-10.217608	▁dealing
1277	-10.219472	▁express
1278	-10.220215	▁hungry
1279	-10.222002	ci
1280	-10.223802	▁purpose
1281	-10.224169	▁page
1282	-10.224584	▁rush
1283	-10.226542	▁grew
1284	-10.228462	▁dishes
1285	-10.229213	ol
1286	-10.229289	▁worries
1287	-10.229756	▁borrow
1288	-10.230442	▁media
1289	-10.231050	▁notice
1290	-10.231279	▁cleaning
1291	-10.232212	▁numbers
1292	-10.232646	▁employees
1293	-10.232964	▁pleasure
1294	-10.233203	▁main
1295	-10.235116	▁figured
1296	-10.235728	▁hobbies
1297	-10.236652	▁dedication
1298	-10.237576	▁variety
1299	-10.238659	▁losing
1300	-10.239162	ies
1301	-10.240354	▁middle
1302	-10.240668	▁quality
1303	-10.245352	▁doctors
1304	-10.245399	▁language
1305	-10.245485	▁act
1306	-10.245933	▁daughter
1307	-10.246865	▁anxiety
1308	-10.247799	▁escape
1309	-10.248272	▁animal
1310	-10.249228	▁conversation
1311	-10.249539	▁pieces
1312	-10.249578	▁protect
1313	-10.252535	▁properly
1314	-10.253440	▁lovely
1315	-10.253922	▁quit
1316	-10.254059	▁hurts
1317	-10.255369	▁pet
1318	-10.255947	▁drinking
1319	-10.257477	▁ended
1320	-10.260230	▁sale
1321	-10.261120	▁wearing
1322	-10.261896	▁uh
1323	-10.261912	▁wedding
1324	-10.261975	▁dreams
1325	-10.262050	nt
1326	-10.262432	▁arm
1327	-10.262747	▁education
1328	-10.262869	▁performance
1329	-10.263917	▁haha
1330	-10.264746	▁swim
1331	-10.266133	▁actions
1332	-10.266330	▁rules
1333	-10.266477	▁artist
1334	-10.267467	1
1335	-10.267963	▁within
1336	-10.269307	hi
1337	-10.270801	ian
1338	-10.271129	▁bothering
1339	-10.272415	▁powerful
1340	-10.273479	▁picture
1341	-10.274084	time
1342	-10.277151	▁forgive
1343	-10.277388	▁everyday
1344	-10.278360	▁catching
1345	-10.279071	ness
1346	-10.282494	▁breath
1347	-10.284917	▁productive
1348	-10.285733	▁di
1349	-10.290746	▁noise
1350	-10.294394	▁songs
1351	-10.296549	▁wind
1352	-10.296613	▁happiness
1353	-10.297594	▁whether
1354	-10.297679	▁y
1355	-10.298326	▁club
1356	-10.298505	▁older
1357	-10.298576	▁hectic
1358	-10.300636	▁teaching
1359	-10.301540	▁basically
1360	-10.302509	▁green
1361	-10.303069	ting
1362	-10.303193	▁enjoyable
1363	-10.303524	▁unfortunately
1364	-10.304367	▁g
1365	-10.305480	▁admirable
1366	-10.307472	▁alex
1367	-10.309446	▁floor
1368	-10.309447	▁impressive
1369	-10.311489	▁scenery
1370	-10.311690	▁bigger
1371	-10.312431	▁advantage
1372	-10.312666	▁interest
1373	-10.315752	▁rent
1374	-10.316549	▁count
1375	-10.316613	▁concert
1376	-10.318555	▁winter
1377	-10.318719	co
1378	-10.318800	▁die
1379	-10.318946	▁size
1380	-10.318949	▁rid
1381	-10.319431	▁easily
1382	-10.320436	▁nobody
1383	-10.321418	▁cats
1384	-10.322013	▁rely
1385	-10.322445	▁half
1386	-10.324279	▁manage
1387	-10.325471	▁credit
1388	-10.326696	▁girlfriend
1389	-10.327524	▁ra
1390	-10.327602	▁p
1391	-10.327672	▁dear
1392	-10.328217	▁per
1393	-10.328733	▁earth
1394	-10.329102	len
1395	-10.329745	▁accomplished
1396	-10.330041	he
1397	-10.331263	▁broken
1398	-10.331970	▁buying
1399	-10.337232	▁em
1400	-10.337331	▁option
1401	-10.337461	▁professional
1402	-10.338682	▁across
1403	-10.339810	ted
1404	-10.340731	▁brought
1405	-10.340797	▁disappointed
1406	-10.340862	▁solve
1407	-10.341434	▁experiences
1408	-10.341671	▁mo
1409	-10.341756	▁anxious
1410	-10.342021	ul
1411	-10.342802	▁awful
1412	-10.344839	▁content
1413	-10.346090	▁boy
1414	-10.346770	ling
1415	-10.346902	▁afterwards
1416	-10.346972	▁confidence
1417	-10.347853	▁tree
1418	-10.348978	▁anytime
1419	-10.350815	▁financial
1420	-10.352427	▁bank
1421	-10.352969	▁con
1422	-10.353144	▁sky
1423	-10.353541	▁paintings
1424	-10.353566	▁candy
1425	-10.354861	▁latest
1426	-10.356227	▁routine
1427	-10.357269	▁public
1428	-10.358425	▁towards
1429	-10.359047	▁traveling
1430	-10.360713	▁parties
1431	-10.361096	▁loose
1432	-10.363315	▁parts
1433	-10.364600	ron
1434	-10.365802	▁hell
1435	-10.368577	be
1436	-10.369537	▁u
1437	-10.369770	▁model
1438	-10.370910	▁saturday
1439	-10.370956	▁forgot
1440	-10.371966	▁admire
1441	-10.371966	▁fantasy
1442	-10.375163	▁return
1443	-10.376052	▁plants
1444	-10.377531	▁boyfriend
1445	-10.377815	▁je
1446	-10.378334	▁series
1447	-10.379010	▁train
1448	-10.379397	▁amount
1449	-10.379404	▁capable
1450	-10.382073	▁aw
1451	-10.382668	▁mix
1452	-10.384740	▁blast
1453	-10.384951	▁born
1454	-10.385811	▁breakfast
1455	-10.391188	▁terrific
1456	-10.392293	▁winning
1457	-10.392531	▁sales
1458	-10.394387	▁consider
1459	-10.395121	▁grade
1460	-10.397956	ari
1461	-10.398013	do
1462	-10.399851	▁ocean
1463	-10.400991	▁jay
1464	-10.402351	▁currently
1465	-10.403395	▁breathe
1466	-10.404417	▁character
1467	-10.404964	▁hung
1468	-10.406397	▁refreshing
1469	-10.406397	▁software
1470	-10.406928	▁charge
1471	-10.407493	▁approach
1472	-10.407577	▁cover
1473	-10.408267	▁flying
1474	-10.409686	▁everywhere
1475	-10.412507	▁kill
1476	-10.415587	▁passed
1477	-10.416128	▁picking
1478	-10.417007	▁issues
1479	-10.417871	ny
1480	-10.418144	▁graduated
1481	-10.418269	▁recommendations
1482	-10.420731	▁neither
1483	-10.421842	▁activities
1484	-10.421853	▁says
1485	-10.421911	▁push
1486	-10.422004	as
1487	-10.423680	▁favorites
1488	-10.424180	rie
1489	-10.425527	▁thoughtful
1490	-10.426752	▁killed
1491	-10.426924	▁states
1492	-10.427952	gh
1493	-10.428188	▁patient
1494	-10.428535	▁communicate
1495	-10.430085	▁player
1496	-10.430202	▁ah
1497	-10.430972	▁pays
1498	-10.431582	▁details
1499	-10.433609	ment
1500	-10.434746	▁sorts
1501	-10.437528	▁friendship
1502	-10.438658	▁blood
1503	-10.439266	▁el
1504	-10.440674	▁based
1505	-10.442056	▁groceries
1506	-10.442135	▁planned
1507	-10.443191	▁piano
1508	-10.444458	▁damage
1509	-10.445465	▁white
1510	-10.446604	▁industry
1511	-10.447096	gan
1512	-10.448276	▁value
1513	-10.451035	▁businesses
1514	-10.451045	ish
1515	-10.453025	▁bright
1516	-10.454163	▁disappear
1517	-10.454443	▁selling
1518	-10.454618	▁gonna
1519	-10.454642	▁season
1520	-10.456005	▁setting
1521	-10.456764	▁classic
1522	-10.456835	well
1523	-10.457754	▁sleeping
1524	-10.458026	▁regret
1525	-10.460373	▁interview
1526	-10.460373	▁necessary
1527	-10.461082	▁fill
1528	-10.463845	▁consequences
1529	-10.467530	▁tea
1530	-10.467824	▁jo
1531	-10.468091	▁sooner
1532	-10.470304	ate
1533	-10.470619	▁stronger
1534	-10.472797	▁joe
1535	-10.478431	▁po
1536	-10.479033	▁uncomfortable
1537	-10.479251	ad
1538	-10.479615	▁impact
1539	-10.481720	▁slowly
1540	-10.482580	▁v
1541	-10.483452	▁resources
1542	-10.485542	▁d
1543	-10.486120	▁fantastic
1544	-10.486172	▁affect
1545	-10.486397	▁smile
1546	-10.487196	▁low
1547	-10.488441	▁ken
1548	-10.490087	▁dollars
1549	-10.490874	▁independent
1550	-10.490886	▁loud
1551	-10.492886	▁moments
1552	-10.496174	▁ne
1553	-10.496854	▁flight
1554	-10.498064	▁truly
1555	-10.504379	▁carry
1556	-10.505271	▁friday
1557	-10.505283	▁favor
1558	-10.510296	▁reality
1559	-10.511803	less
1560	-10.513152	un
1561	-10.514961	▁stock
1562	-10.515320	ru
1563	-10.515356	▁rich
1564	-10.515615	▁treated
1565	-10.515841	▁final
1566	-10.516575	▁20
1567	-10.517037	▁engineer
1568	-10.517163	▁ni
1569	-10.517387	▁novel
1570	-10.518656	▁government
1571	-10.518764	▁path
1572	-10.520508	▁scene
1573	-10.521511	▁mrs
1574	-10.522334	▁graduation
1575	-10.523291	▁driver
1576	-10.523564	▁pursue
1577	-10.524515	ey
1578	-10.526433	▁known
1579	-10.527264	▁competition
1580	-10.528500	▁further
1581	-10.528882	▁choices
1582	-10.533707	▁cup
1583	-10.534372	fi
1584	-10.534703	▁loving
1585	-10.534939	▁letter
1586	-10.537221	▁land
1587	-10.538459	▁bunch
1588	-10.538480	▁accountant
1589	-10.538773	▁wine
1590	-10.539066	ist
1591	-10.540523	▁faster
1592	-10.540861	▁lol
1593	-10.541908	▁heat
1594	-10.543365	▁mountains
1595	-10.543507	▁lived
1596	-10.543647	▁regularly
1597	-10.543869	▁pass
1598	-10.544709	▁shelter
1599	-10.544758	▁website
1600	-10.546005	▁pair
1601	-10.549257	▁evening
1602	-10.549341	▁checking
1603	-10.549682	▁topic
1604	-10.549852	▁trees
1605	-10.549932	▁throw
1606	-10.551130	▁efficient
1607	-10.552280	▁semester
1608	-10.555139	▁window
1609	-10.557268	▁detail
1610	-10.557361	▁lawyer
1611	-10.558317	ki
1612	-10.558872	▁pull
1613	-10.558933	▁events
1614	-10.561177	▁prefer
1615	-10.561584	▁saved
1616	-10.563342	▁pace
1617	-10.563745	▁negative
1618	-10.564997	name
1619	-10.565756	▁condition
1620	-10.567088	line
1621	-10.567378	▁certain
1622	-10.567636	▁pool
1623	-10.567757	▁italy
1624	-10.568900	▁nowhere
1625	-10.570173	▁countries
1626	-10.572933	▁rut
1627	-10.574247	▁recommend
1628	-10.575344	▁traffic
1629	-10.575695	▁concern
1630	-10.575766	▁gas
1631	-10.576845	▁caused
1632	-10.577718	▁bri
1633	-10.579307	▁dead
1634	-10.580812	▁nah
1635	-10.581319	▁web
1636	-10.582809	▁basic
1637	-10.583151	▁football
1638	-10.583872	ba
1639	-10.584481	▁exhausted
1640	-10.585786	▁lying
1641	-10.586073	▁surprise
1642	-10.586357	you
1643	-10.586859	▁correct
1644	-10.588173	▁program
1645	-10.589750	▁annoying
1646	-10.590426	▁brainstorm
1647	-10.590839	▁areas
1648	-10.591020	▁complex
1649	-10.591084	▁holding
1650	-10.592306	▁bra
1651	-10.593695	▁specifically
1652	-10.595350	▁boat
1653	-10.595863	▁hasn
1654	-10.596277	▁drop
1655	-10.596292	▁ticket
1656	-10.598074	▁soup
1657	-10.598953	▁nurse
1658	-10.598987	▁outfit
1659	-10.599746	▁worrying
1660	-10.601067	▁pre
1661	-10.601134	pa
1662	-10.601609	▁snow
1663	-10.601614	▁asset
1664	-10.602015	▁shower
1665	-10.602436	▁leg
1666	-10.602940	▁wash
1667	-10.604607	▁single
1668	-10.605609	▁machine
1669	-10.606398	▁riding
1670	-10.607362	▁ruined
1671	-10.608285	▁cheese
1672	-10.608286	▁although
1673	-10.608289	▁debt
1674	-10.608303	▁vote
1675	-10.608377	▁downtown
1676	-10.610023	▁box
1677	-10.612306	▁girls
1678	-10.612311	▁straight
1679	-10.613688	▁aware
1680	-10.616706	▁total
1681	-10.619728	▁finishing
1682	-10.620415	▁familiar
1683	-10.620584	▁situations
1684	-10.621837	▁fixed
1685	-10.622762	▁ten
1686	-10.623130	▁valuable
1687	-10.623142	▁bread
1688	-10.624695	▁cha
1689	-10.625651	▁benefits
1690	-10.625945	▁photography
1691	-10.628829	▁cash
1692	-10.630027	▁adventures
1693	-10.630069	▁thoughts
1694	-10.631321	▁milk
1695	-10.632183	that
1696	-10.632208	▁message
1697	-10.634067	▁death
1698	-10.635882	▁pro
1699	-10.637365	▁relationships
1700	-10.637836	▁task
1701	-10.639188	▁leader
1702	-10.639580	▁purchase
1703	-10.639757	▁joy
1704	-10.641011	▁healthier
1705	-10.642348	▁built
1706	-10.642707	▁manager
1707	-10.643572	▁clearly
1708	-10.643656	▁items
1709	-10.643735	▁afternoon
1710	-10.644382	rs
1711	-10.644440	▁diet
1712	-10.645911	▁text
1713	-10.646214	0.
1714	-10.649094	laughs
1715	-10.649265	▁knowledge
1716	-10.649302	▁smoking
1717	-10.650699	▁audience
1718	-10.651978	▁match
1719	-10.652061	▁chillin
1720	-10.653835	han
1721	-10.657057	▁emotions
1722	-10.657711	▁third
1723	-10.657718	▁hurry
1724	-10.658062	▁cheating
1725	-10.659120	▁california
1726	-10.659250	▁recipe
1727	-10.661348	ac
1728	-10.662218	▁dish
1729	-10.663548	▁st
1730	-10.664555	▁regular
1731	-10.664774	▁apologize
1732	-10.664892	▁super
1733	-10.665938	q
1734	-10.668043	▁waste
1735	-10.668768	▁concerts
1736	-10.669035	▁hustle
1737	-10.670457	▁tips
1738	-10.670889	▁direction
1739	-10.671886	▁heavy
1740	-10.671930	▁brave
1741	-10.672033	▁stage
1742	-10.672514	▁opening
1743	-10.673315	▁universe
1744	-10.673343	▁historical
1745	-10.673966	▁due
1746	-10.674352	▁american
1747	-10.674746	▁creating
1748	-10.674852	que
1749	-10.675485	▁grown
1750	-10.676108	▁volunteer
1751	-10.676178	▁complicated
1752	-10.676178	▁taught
1753	-10.676182	▁truck
1754	-10.676719	▁strength
1755	-10.677299	▁bag
1756	-10.677305	▁checked
1757	-10.678209	▁considered
1758	-10.679051	▁bustle
1759	-10.680886	▁ruin
1760	-10.683816	one
1761	-10.684832	▁woke
1762	-10.685807	mon
1763	-10.686264	▁behavior
1764	-10.686328	▁eggs
1765	-10.688123	▁breaking
1766	-10.688396	▁ty
1767	-10.689172	▁couch
1768	-10.689556	▁appreciated
1769	-10.690351	▁reasons
1770	-10.691936	▁calling
1771	-10.692074	▁insurance
1772	-10.692883	▁keeps
1773	-10.693648	▁smoothly
1774	-10.693962	▁bo
1775	-10.694477	▁non
1776	-10.695523	▁paris
1777	-10.695846	per
1778	-10.695920	▁ga
1779	-10.696457	▁court
1780	-10.697918	▁kept
1781	-10.700854	▁freedom
1782	-10.701436	▁picked
1783	-10.701730	▁experiment
1784	-10.703436	▁expecting
1785	-10.703596	▁lu
1786	-10.703818	▁million
1787	-10.703867	▁jobs
1788	-10.704281	▁jump
1789	-10.705271	▁gorgeous
1790	-10.705389	▁accidents
1791	-10.705748	▁smaller
1792	-10.705810	▁bringing
1793	-10.707537	▁pushing
1794	-10.708227	▁furniture
1795	-10.708245	▁jake
1796	-10.709709	▁intense
1797	-10.712679	▁valid
1798	-10.714169	▁tennis
1799	-10.714384	▁connection
1800	-10.715714	▁wake
1801	-10.717913	▁visiting
1802	-10.718375	▁standing
1803	-10.718644	▁shift
1804	-10.718644	▁worst
1805	-10.718760	▁stopped
1806	-10.720729	▁file
1807	-10.720864	▁novels
1808	-10.722119	▁r
1809	-10.722136	▁relate
1810	-10.722137	▁suppose
1811	-10.722437	▁star
1812	-10.723640	▁graduate
1813	-10.724646	▁somebody
1814	-10.724648	▁spent
1815	-10.726194	▁sharing
1816	-10.727441	▁physical
1817	-10.727660	▁famous
1818	-10.728401	▁carrying
1819	-10.729174	▁medical
1820	-10.730735	▁treatment
1821	-10.731475	ec
1822	-10.731627	▁ability
1823	-10.732505	▁stars
1824	-10.732890	ay
1825	-10.734600	▁tests
1826	-10.734788	▁mention
1827	-10.736450	▁drinks
1828	-10.737302	▁dry
1829	-10.738715	▁hotel
1830	-10.740033	▁united
1831	-10.741133	▁risks
1832	-10.741338	▁several
1833	-10.741502	▁partner
1834	-10.743509	go
1835	-10.743939	um
1836	-10.744564	▁al
1837	-10.745402	▁hmmm
1838	-10.745949	▁cancer
1839	-10.745969	▁brand
1840	-10.748284	▁subject
1841	-10.749019	▁confusing
1842	-10.752138	▁nearby
1843	-10.754405	mp
1844	-10.756759	▁communication
1845	-10.756759	▁happier
1846	-10.757393	▁center
1847	-10.759034	▁pets
1848	-10.759773	▁challenges
1849	-10.760931	▁treating
1850	-10.761768	▁complete
1851	-10.762124	▁lessons
1852	-10.763475	▁mi
1853	-10.764582	▁accomplishment
1854	-10.765329	▁belong
1855	-10.765956	▁draw
1856	-10.766140	▁data
1857	-10.767509	▁tight
1858	-10.767988	▁turns
1859	-10.768408	▁film
1860	-10.769268	▁christmas
1861	-10.769410	▁sam
1862	-10.770163	▁sp
1863	-10.770361	▁event
1864	-10.770402	▁address
1865	-10.771671	▁divorced
1866	-10.771675	ary
1867	-10.772465	▁pa
1868	-10.773980	▁foot
1869	-10.775070	ard
1870	-10.775405	ance
1871	-10.776366	▁complain
1872	-10.776627	▁keys
1873	-10.777564	▁shall
1874	-10.778235	▁pi
1875	-10.778754	▁inspiring
1876	-10.778754	▁lifestyle
1877	-10.779568	▁settled
1878	-10.780326	ating
1879	-10.780326	tic
1880	-10.781357	▁se
1881	-10.784992	▁ends
1882	-10.787825	▁sand
1883	-10.788969	ous
1884	-10.793006	▁recipes
1885	-10.794286	▁beer
1886	-10.796384	▁upcoming
1887	-10.797529	▁pop
1888	-10.798001	▁target
1889	-10.799623	▁hesitate
1890	-10.799702	▁woods
1891	-10.801653	▁points
1892	-10.802134	ping
1893	-10.804501	▁unhappy
1894	-10.804685	▁suit
1895	-10.807126	▁foods
1896	-10.807277	▁steps
1897	-10.808909	▁jam
1898	-10.809402	▁river
1899	-10.809402	▁trash
1900	-10.811180	▁planet
1901	-10.812078	▁eli
1902	-10.812381	▁worker
1903	-10.812466	▁ingredients
1904	-10.812540	▁lay
1905	-10.812924	j
1906	-10.815271	▁expected
1907	-10.815376	▁shame
1908	-10.815722	▁notes
1909	-10.815976	▁prove
1910	-10.817684	▁embarrassed
1911	-10.818602	▁fear
1912	-10.819705	ow
1913	-10.821114	▁camera
1914	-10.822824	▁pointless
1915	-10.823163	▁differently
1916	-10.823278	▁miles
1917	-10.824254	▁evidence
1918	-10.824808	▁f
1919	-10.824960	ant
1920	-10.825468	▁crowd
1921	-10.825479	▁waves
1922	-10.825918	▁relief
1923	-10.825945	▁investment
1924	-10.826054	▁loan
1925	-10.827593	▁yoga
1926	-10.827815	▁cookies
1927	-10.829615	▁pen
1928	-10.832599	ze
1929	-10.832602	▁laundry
1930	-10.832753	▁doubt
1931	-10.835341	▁adjust
1932	-10.835726	▁brings
1933	-10.836207	ful
1934	-10.836312	▁meat
1935	-10.836380	▁savings
1936	-10.836636	▁capture
1937	-10.839091	▁flavor
1938	-10.839339	▁buddy
1939	-10.839895	ig
1940	-10.841019	▁location
1941	-10.841967	▁sights
1942	-10.842710	▁studied
1943	-10.843436	▁somehow
1944	-10.843581	▁ray
1945	-10.845014	▁america
1946	-10.846104	▁medicine
1947	-10.846118	▁san
1948	-10.848785	▁force
1949	-10.849878	--
1950	-10.851214	▁hobby
1951	-10.851265	▁bite
1952	-10.852923	▁contact
1953	-10.852923	▁university
1954	-10.852924	▁women
1955	-10.852986	▁above
1956	-10.854247	▁pasta
1957	-10.854482	▁gardening
1958	-10.854591	▁clients
1959	-10.854750	▁showing
1960	-10.856361	▁baking
1961	-10.856606	▁lo
1962	-10.856715	▁financially
1963	-10.856904	▁en
1964	-10.858437	▁shaken
1965	-10.859791	▁unfair
1966	-10.860224	ated
1967	-10.860316	▁relieved
1968	-10.861541	▁tidy
1969	-10.861590	▁unless
1970	-10.861998	▁lily
1971	-10.863242	▁security
1972	-10.863244	▁feedback
1973	-10.863247	▁italian
1974	-10.864972	▁contribute
1975	-10.865026	▁stir
1976	-10.865559	▁likely
1977	-10.865769	▁techniques
1978	-10.865866	▁gotta
1979	-10.866385	▁whoa
1980	-10.866490	▁named
1981	-10.866705	▁necessarily
1982	-10.867992	▁laughing
1983	-10.868086	▁features
1984	-10.868304	▁glass
1985	-10.868486	▁le
1986	-10.869716	ky
1987	-10.870248	▁collection
1988	-10.871754	cu
1989	-10.871922	▁biggest
1990	-10.872983	if
1991	-10.873646	▁dr
1992	-10.873679	▁plant
1993	-10.873826	▁produce
1994	-10.875324	▁except
1995	-10.875416	▁arguing
1996	-10.875416	▁celebrate
1997	-10.876753	▁gun
1998	-10.876766	▁post
1999	-10.876857	▁goodness
2000	-10.876917	▁wall
2001	-10.877379	▁dirty
2002	-10.877650	day
2003	-10.877918	▁anger
2004	-10.878897	▁blocks
2005	-10.879268	my
2006	-10.879681	▁solution
2007	-10.881265	land
2008	-10.882036	▁large
2009	-10.882440	▁necklace
2010	-10.882440	▁studies
2011	-10.882440	▁sweetheart
2012	-10.884203	▁section
2013	-10.884564	▁useful
2014	-10.885970	▁technology
2015	-10.886414	▁basics
2016	-10.887740	▁fulfilling
2017	-10.888075	▁dis
2018	-10.888099	▁chilling
2019	-10.888391	▁lake
2020	-10.888459	▁birds
2021	-10.889366	▁lesson
2022	-10.889513	▁album
2023	-10.889513	▁stomach
2024	-10.889518	▁beginning
2025	-10.889655	qui
2026	-10.891289	▁families
2027	-10.893456	▁held
2028	-10.896267	ph
2029	-10.898086	nd
2030	-10.898426	▁asleep
2031	-10.898426	▁drunk
2032	-10.898426	▁mexico
2033	-10.898870	▁shy
2034	-10.898874	▁throughout
2035	-10.900230	▁commitment
2036	-10.900709	▁tasks
2037	-10.902013	▁backyard
2038	-10.902013	▁smith
2039	-10.902087	▁quitting
2040	-10.902102	▁ring
2041	-10.902174	▁improvement
2042	-10.902418	▁ex
2043	-10.902794	▁pack
2044	-10.905404	▁campaign
2045	-10.906566	▁services
2046	-10.907021	▁sex
2047	-10.907418	▁stunning
2048	-10.908412	▁headed
2049	-10.909227	▁president
2050	-10.911085	▁kidding
2051	-10.911128	▁sunday
2052	-10.913634	▁judge
2053	-10.913665	▁include
2054	-10.914672	▁starving
2055	-10.915857	▁comfort
2056	-10.916018	▁onto
2057	-10.916493	▁therapist
2058	-10.918358	▁block
2059	-10.919227	▁farm
2060	-10.919930	▁mental
2061	-10.920157	▁tickets
2062	-10.923011	▁mary
2063	-10.925651	▁cooped
2064	-10.925653	▁storm
2065	-10.925764	▁corner
2066	-10.927333	▁plane
2067	-10.927513	▁immediately
2068	-10.927665	▁cutting
2069	-10.929338	▁argument
2070	-10.929368	▁paperwork
2071	-10.929392	▁dedicated
2072	-10.931522	▁coat
2073	-10.932281	▁invest
2074	-10.933187	▁app
2075	-10.933274	▁exam
2076	-10.933339	▁discover
2077	-10.933497	▁levels
2078	-10.935142	▁max
2079	-10.936903	▁handling
2080	-10.937674	age
2081	-10.937846	▁created
2082	-10.938614	▁appointment
2083	-10.938885	▁physically
2084	-10.939097	▁recommendation
2085	-10.940483	▁owner
2086	-10.941030	ho
2087	-10.941754	▁review
2088	-10.942348	▁supplies
2089	-10.942556	▁suddenly
2090	-10.944089	▁sport
2091	-10.944194	▁owe
2092	-10.944227	▁grandma
2093	-10.944767	▁inspired
2094	-10.944962	▁discuss
2095	-10.945176	ring
2096	-10.947561	ng
2097	-10.947977	▁department
2098	-10.948011	▁safety
2099	-10.949368	▁bake
2100	-10.949450	▁fruits
2101	-10.950011	▁restaurants
2102	-10.950258	▁mindful
2103	-10.950502	▁hu
2104	-10.950978	▁tall
2105	-10.951761	▁teeth
2106	-10.951819	▁guilty
2107	-10.953012	▁succeeded
2108	-10.953637	▁crime
2109	-10.954912	▁pie
2110	-10.955531	▁equation
2111	-10.955531	▁therapeutic
2112	-10.955531	▁therapy
2113	-10.955544	▁toys
2114	-10.956120	▁performing
2115	-10.956913	ud
2116	-10.957429	▁ridiculous
2117	-10.958429	▁soul
2118	-10.959331	▁welcoming
2119	-10.961235	▁errands
2120	-10.961446	▁tour
2121	-10.961941	▁shit
2122	-10.962887	▁perform
2123	-10.964050	▁divorce
2124	-10.965056	▁reduce
2125	-10.965632	▁hat
2126	-10.966851	▁nicer
2127	-10.966864	ga
2128	-10.966910	▁mark
2129	-10.967274	▁joining
2130	-10.968331	▁shoulders
2131	-10.968891	▁reflect
2132	-10.969049	▁presentation
2133	-10.969806	▁increase
2134	-10.970814	▁ancient
2135	-10.972688	▁represent
2136	-10.974034	▁photos
2137	-10.974671	▁switch
2138	-10.974676	▁sugar
2139	-10.974693	▁deserved
2140	-10.974740	▁station
2141	-10.976735	▁react
2142	-10.977040	▁rate
2143	-10.977088	▁packed
2144	-10.977503	ko
2145	-10.977626	▁creatures
2146	-10.978175	rr
2147	-10.978543	▁itself
2148	-10.979644	ize
2149	-10.980487	▁property
2150	-10.982430	▁atmosphere
2151	-10.982430	▁experiencing
2152	-10.982541	▁granted
2153	-10.982865	▁tag
2154	-10.983323	▁soft
2155	-10.984380	▁surgery
2156	-10.984382	▁expectations
2157	-10.985511	▁models
2158	-10.986331	▁spirit
2159	-10.986333	▁instrument
2160	-10.986425	▁damn
2161	-10.987386	▁map
2162	-10.987443	ster
2163	-10.987848	100
2164	-10.988384	▁burn
2165	-10.989174	▁stressing
2166	-10.990251	▁french
2167	-10.990775	by
2168	-10.991207	▁struggle
2169	-10.991336	▁settle
2170	-10.991480	▁mall
2171	-10.991836	▁ju
2172	-10.991861	▁expenses
2173	-10.994389	▁sh
2174	-10.995798	▁apply
2175	-10.995936	▁sudden
2176	-10.996161	▁romantic
2177	-10.996164	▁score
2178	-10.996677	▁weekends
2179	-10.996811	▁musician
2180	-10.996972	▁volunteering
2181	-10.997148	▁ho
2182	-10.998155	▁dropped
2183	-10.998159	▁development
2184	-11.000113	▁gross
2185	-11.001260	▁gi
2186	-11.004877	ick
2187	-11.005483	▁speed
2188	-11.006289	▁edge
2189	-11.006999	▁accomplish
2190	-11.009623	▁range
2191	-11.010073	▁blog
2192	-11.010073	▁recharge
2193	-11.012076	▁unwind
2194	-11.012893	▁invited
2195	-11.013186	▁allow
2196	-11.014085	▁trade
2197	-11.014363	▁brain
2198	-11.016200	ray
2199	-11.018116	▁firm
2200	-11.018927	▁heal
2201	-11.020137	▁mystery
2202	-11.020562	pm
2203	-11.020863	▁finances
2204	-11.021312	ria
2205	-11.021564	▁steal
2206	-11.022050	▁effective
2207	-11.022158	▁contract
2208	-11.023133	tra
2209	-11.023539	king
2210	-11.023919	▁written
2211	-11.024186	▁sunset
2212	-11.024188	▁sharp
2213	-11.024190	▁wallet
2214	-11.024210	▁salad
2215	-11.025270	▁materials
2216	-11.027617	▁100
2217	-11.029069	▁flow
2218	-11.029227	▁fa
2219	-11.030207	▁12
2220	-11.030898	▁horse
2221	-11.032346	▁swear
2222	-11.032797	▁jail
2223	-11.034098	▁bro
2224	-11.034138	▁nap
2225	-11.034390	▁temperature
2226	-11.035173	▁period
2227	-11.035230	▁adult
2228	-11.035257	ger
2229	-11.035367	▁meals
2230	-11.036444	▁surreal
2231	-11.036640	ric
2232	-11.040563	▁reliable
2233	-11.040565	▁picnic
2234	-11.041020	▁skill
2235	-11.042584	▁poor
2236	-11.042629	▁bottle
2237	-11.042699	▁yard
2238	-11.042815	▁roses
2239	-11.043596	ette
2240	-11.044700	▁religion
2241	-11.044715	▁email
2242	-11.045731	▁cross
2243	-11.045969	▁breathing
2244	-11.047180	▁jar
2245	-11.047435	we
2246	-11.048552	▁terms
2247	-11.048816	▁admit
2248	-11.048853	▁improving
2249	-11.051978	▁attack
2250	-11.054193	▁officer
2251	-11.054485	▁flu
2252	-11.055081	▁fi
2253	-11.055216	▁headache
2254	-11.056435	▁neighbor
2255	-11.056648	▁bear
2256	-11.056802	▁genres
2257	-11.057782	▁develop
2258	-11.059660	vo
2259	-11.061419	▁wanna
2260	-11.061431	▁france
2261	-11.061492	▁chair
2262	-11.062400	op
2263	-11.063462	▁badly
2264	-11.063547	▁flies
2265	-11.064791	▁bird
2266	-11.065001	▁turning
2267	-11.065811	▁smells
2268	-11.066442	▁drawing
2269	-11.067989	▁pe
2270	-11.068641	of
2271	-11.069557	pe
2272	-11.069884	▁slept
2273	-11.070886	▁hole
2274	-11.070966	▁scratch
2275	-11.071646	▁opened
2276	-11.072074	▁obviously
2277	-11.073106	▁kiss
2278	-11.073668	▁designer
2279	-11.074144	▁beyond
2280	-11.075007	▁leaves
2281	-11.075306	▁forest
2282	-11.076283	▁internet
2283	-11.076297	▁daily
2284	-11.076625	▁spare
2285	-11.079843	▁battle
2286	-11.080568	▁marriage
2287	-11.080568	▁policy
2288	-11.080568	▁rude
2289	-11.080568	▁wrote
2290	-11.081060	▁demanding
2291	-11.082197	20
2292	-11.082955	don
2293	-11.084874	▁economy
2294	-11.084878	▁bathroom
2295	-11.084926	▁sent
2296	-11.085873	▁fired
2297	-11.086784	▁messy
2298	-11.087225	▁entirely
2299	-11.088473	▁va
2300	-11.088550	bo
2301	-11.091364	▁civil
2302	-11.093541	▁jazz
2303	-11.093550	▁pride
2304	-11.095087	em
2305	-11.095373	▁loss
2306	-11.095720	▁injured
2307	-11.095816	▁neat
2308	-11.096017	▁code
2309	-11.096483	▁eight
2310	-11.096789	▁gold
2311	-11.096848	▁bands
2312	-11.099182	▁sea
2313	-11.100258	out
2314	-11.100364	▁result
2315	-11.100572	▁chest
2316	-11.102336	▁cozy
2317	-11.104513	▁bond
2318	-11.104701	▁yelling
2319	-11.107790	▁ending
2320	-11.108892	▁symptoms
2321	-11.108904	ally
2322	-11.108905	▁biking
2323	-11.109374	▁fruit
2324	-11.109377	,000
2325	-11.109488	▁nose
2326	-11.109932	ped
2327	-11.110948	gu
2328	-11.111090	▁wrap
2329	-11.111105	▁society
2330	-11.113009	▁gives
2331	-11.113065	▁equal
2332	-11.113322	▁baseball
2333	-11.115667	▁players
2334	-11.116756	▁wa
2335	-11.117178	▁screw
2336	-11.117403	▁engine
2337	-11.117772	▁prevent
2338	-11.118187	▁traditional
2339	-11.118468	▁museum
2340	-11.119263	▁round
2341	-11.119925	ial
2342	-11.120004	▁hundred
2343	-11.120004	▁possibilities
2344	-11.120004	▁possibility
2345	-11.120008	▁shining
2346	-11.120050	▁liking
2347	-11.120056	▁plate
2348	-11.120155	▁tire
2349	-11.120560	▁kay
2350	-11.122313	▁clothing
2351	-11.122996	▁author
2352	-11.123824	▁styles
2353	-11.124673	▁oil
2354	-11.124699	▁marry
2355	-11.126730	▁individual
2356	-11.126730	▁lifesaver
2357	-11.128353	lu
2358	-11.129320	▁hug
2359	-11.129416	▁wild
2360	-11.131240	▁smoke
2361	-11.131286	▁lazy
2362	-11.132798	oo
2363	-11.133244	▁tri
2364	-11.133515	▁desk
2365	-11.134160	end
2366	-11.135770	▁sauce
2367	-11.138042	responsibilities
2368	-11.140137	rn
2369	-11.142866	▁shake
2370	-11.143883	ney
2371	-11.144892	▁congrats
2372	-11.144892	▁motivation
2373	-11.145869	bb
2374	-11.147049	▁sandwich
2375	-11.147110	▁experienced
2376	-11.148911	▁toy
2377	-11.149507	▁jerk
2378	-11.149509	▁lottery
2379	-11.151376	▁dancer
2380	-11.151464	rin
2381	-11.151489	▁jan
2382	-11.151790	▁sushi
2383	-11.152288	▁climbing
2384	-11.152494	▁hiding
2385	-11.152559	▁freeing
2386	-11.153168	▁showed
2387	-11.154098	▁twice
2388	-11.156413	▁psychology
2389	-11.156453	term
2390	-11.157027	▁promoted
2391	-11.158733	▁spanish
2392	-11.158905	▁kiddo
2393	-11.160145	▁computers
2394	-11.160559	she
2395	-11.161826	our
2396	-11.162047	▁focusing
2397	-11.162254	▁collect
2398	-11.162941	▁higher
2399	-11.163545	▁pants
2400	-11.164396	▁motions
2401	-11.164716	▁introduce
2402	-11.164741	▁serve
2403	-11.167485	▁tan
2404	-11.168116	ak
2405	-11.168235	▁mountain
2406	-11.168370	▁heading
2407	-11.168627	au
2408	-11.170415	▁license
2409	-11.170417	▁screen
2410	-11.170440	▁package
2411	-11.172764	▁access
2412	-11.172782	▁bridge
2413	-11.172885	▁magic
2414	-11.175558	▁hide
2415	-11.177491	▁violence
2416	-11.177930	ide
2417	-11.178053	▁suffering
2418	-11.178851	▁ignore
2419	-11.179049	▁tend
2420	-11.179437	▁raised
2421	-11.179653	▁recent
2422	-11.179891	▁ultimately
2423	-11.179966	▁taxes
2424	-11.180601	▁wood
2425	-11.181586	▁readers
2426	-11.182312	▁ugh
2427	-11.182343	▁improved
2428	-11.183096	ff
2429	-11.184105	▁sounded
2430	-11.184233	▁honor
2431	-11.184327	ier
2432	-11.184422	▁allows
2433	-11.184646	▁seven
2434	-11.184673	▁justice
2435	-11.184801	ora
2436	-11.186996	▁danger
2437	-11.187003	▁generous
2438	-11.187125	▁mail
2439	-11.187519	ab
2440	-11.188126	▁throwing
2441	-11.188396	▁mia
2442	-11.189410	▁fever
2443	-11.189985	▁lean
2444	-11.191793	▁convenient
2445	-11.191793	▁narrow
2446	-11.191793	▁refreshed
2447	-11.191795	▁exchange
2448	-11.191856	▁considerate
2449	-11.192778	▁covered
2450	-11.194258	▁memory
2451	-11.194642	▁bedroom
2452	-11.196667	▁vegan
2453	-11.197203	▁apples
2454	-11.199467	ianna
2455	-11.201837	ler
2456	-11.201886	▁skiing
2457	-11.203871	▁beneficial
2458	-11.204060	▁trails
2459	-11.204329	▁finger
2460	-11.204393	▁suggestion
2461	-11.205019	▁passing
2462	-11.205936	▁cu
2463	-11.206122	▁walked
2464	-11.206247	▁grand
2465	-11.206305	▁including
2466	-11.207542	▁sides
2467	-11.208205	▁messed
2468	-11.208522	▁weak
2469	-11.208743	▁abilities
2470	-11.208814	▁realistic
2471	-11.208962	▁depending
2472	-11.209578	▁factors
2473	-11.210186	▁cheat
2474	-11.210535	▁du
2475	-11.211226	▁island
2476	-11.211256	▁tower
2477	-11.213639	▁discount
2478	-11.213683	▁roof
2479	-11.213901	▁golden
2480	-11.213937	▁hopeful
2481	-11.213998	▁donate
2482	-11.215492	▁mu
2483	-11.215985	▁thankful
2484	-11.216096	▁japan
2485	-11.216717	▁swing
2486	-11.217199	▁payment
2487	-11.220023	▁invite
2488	-11.220158	▁rap
2489	-11.221478	▁angel
2490	-11.222535	▁fail
2491	-11.222742	▁swings
2492	-11.223504	▁competitive
2493	-11.223943	hand
2494	-11.225063	▁jane
2495	-11.225766	▁entire
2496	-11.225986	▁laptop
2497	-11.225986	▁violin
2498	-11.225997	▁guard
2499	-11.226712	▁stealing
2500	-11.227229	▁rocks
2501	-11.227364	▁king
2502	-11.227998	▁remind
2503	-11.228228	▁safely
2504	-11.228473	▁cousin
2505	-11.228495	▁committed
2506	-11.229539	▁organization
2507	-11.229587	▁sight
2508	-11.229922	▁suffer
2509	-11.230968	▁became
2510	-11.231211	▁adding
2511	-11.232696	ner
2512	-11.234815	▁killing
2513	-11.235965	▁managed
2514	-11.235982	▁encouragement
2515	-11.237260	▁mari
2516	-11.238247	▁legs
2517	-11.239840	yeah
2518	-11.242535	▁parent
2519	-11.243529	▁confused
2520	-11.243529	▁pregnant
2521	-11.243529	▁strategy
2522	-11.243599	▁yep
2523	-11.246061	▁burden
2524	-11.246540	▁moon
2525	-11.248575	gg
2526	-11.248599	▁mouth
2527	-11.248809	▁ti
2528	-11.250095	ging
2529	-11.251081	▁ate
2530	-11.251184	▁vase
2531	-11.252806	▁article
2532	-11.253013	▁members
2533	-11.253695	▁combination
2534	-11.253711	▁destination
2535	-11.254436	but
2536	-11.256125	▁magical
2537	-11.256252	▁conference
2538	-11.256252	▁square
2539	-11.256414	▁painful
2540	-11.256765	▁expanding
2541	-11.257211	▁generally
2542	-11.257383	pp
2543	-11.258195	▁cons
2544	-11.258440	▁dev
2545	-11.258821	▁income
2546	-11.258868	▁harry
2547	-11.260847	▁brush
2548	-11.261364	▁bu
2549	-11.261387	▁hawaii
2550	-11.263392	▁flat
2551	-11.263539	▁apple
2552	-11.263965	▁overcome
2553	-11.263965	▁politics
2554	-11.263972	▁dying
2555	-11.265531	▁cancel
2556	-11.266548	▁apologizing
2557	-11.266550	▁resist
2558	-11.267965	▁stayed
2559	-11.268161	▁fetch
2560	-11.268549	▁demand
2561	-11.269116	▁hikes
2562	-11.270042	so
2563	-11.271284	▁concept
2564	-11.271736	▁chinese
2565	-11.272188	▁recovery
2566	-11.272246	way
2567	-11.273042	▁accepted
2568	-11.274341	▁disease
2569	-11.274341	▁nonetheless
2570	-11.274341	▁steak
2571	-11.274345	▁rice
2572	-11.274450	▁master
2573	-11.274702	▁emily
2574	-11.274752	▁sold
2575	-11.275566	▁carefully
2576	-11.276514	▁ba
2577	-11.276955	▁ease
2578	-11.277014	▁reaching
2579	-11.279070	▁christ
2580	-11.279531	▁shut
2581	-11.279570	▁excitement
2582	-11.280990	▁rose
2583	-11.282172	▁drama
2584	-11.282194	▁stylish
2585	-11.282223	▁retirement
2586	-11.282518	▁effects
2587	-11.282622	▁beliefs
2588	-11.284402	▁tie
2589	-11.284825	▁alcohol
2590	-11.284825	▁charity
2591	-11.284837	▁jewelry
2592	-11.285395	▁led
2593	-11.285401	▁sta
2594	-11.286153	▁homeless
2595	-11.286603	▁views
2596	-11.286772	▁record
2597	-11.287464	▁brown
2598	-11.287464	▁creativity
2599	-11.287805	▁watched
2600	-11.288529	▁roll
2601	-11.288786	▁exist
2602	-11.290103	▁scare
2603	-11.290110	▁childhood
2604	-11.290110	▁mechanic
2605	-11.290583	▁mis
2606	-11.291441	▁hiring
2607	-11.293205	▁correctly
2608	-11.294370	▁nerves
2609	-11.294408	▁bags
2610	-11.295278	▁col
2611	-11.295422	▁unexpected
2612	-11.295855	▁holds
2613	-11.298088	▁exhilarating
2614	-11.298944	▁hurting
2615	-11.299079	▁neighbors
2616	-11.299361	▁naturally
2617	-11.300034	▁impression
2618	-11.300236	▁addition
2619	-11.300611	▁wide
2620	-11.300725	nc
2621	-11.303443	▁private
2622	-11.304195	▁growth
2623	-11.305785	▁topics
2624	-11.306132	▁multiple
2625	-11.306257	▁embarrassing
2626	-11.306530	▁benefit
2627	-11.309410	▁shoot
2628	-11.309935	▁w
2629	-11.311529	▁despite
2630	-11.311529	▁resume
2631	-11.314240	▁hidden
2632	-11.314415	▁grandmother
2633	-11.314535	▁actor
2634	-11.314591	▁flavors
2635	-11.315782	▁solutions
2636	-11.316957	▁background
2637	-11.316957	▁essential
2638	-11.316957	▁qualities
2639	-11.317279	▁copy
2640	-11.317527	▁vision
2641	-11.317679	wa
2642	-11.317831	▁investing
2643	-11.319596	▁artists
2644	-11.319682	▁monday
2645	-11.320107	▁programs
2646	-11.320271	led
2647	-11.320580	▁rare
2648	-11.320791	▁classical
2649	-11.321370	▁climb
2650	-11.321463	▁joke
2651	-11.322071	com
2652	-11.322195	▁smooth
2653	-11.322413	▁satisfied
2654	-11.322756	ap
2655	-11.323403	ery
2656	-11.324119	▁retire
2657	-11.325153	▁blame
2658	-11.325230	▁chef
2659	-11.325321	▁answers
2660	-11.326103	▁careless
2661	-11.327764	▁speech
2662	-11.328237	▁informed
2663	-11.330507	▁according
2664	-11.330618	▁compete
2665	-11.330656	▁patience
2666	-11.333096	▁values
2667	-11.333448	▁spring
2668	-11.333787	har
2669	-11.335832	cha
2670	-11.336188	▁philosophy
2671	-11.336213	▁racing
2672	-11.338341	stress
2673	-11.338381	▁spread
2674	-11.338758	▁tools
2675	-11.338966	▁incredibly
2676	-11.338976	▁indeed
2677	-11.339259	▁brothers
2678	-11.339964	▁staff
2679	-11.340271	▁asia
2680	-11.341675	▁jack
2681	-11.341824	▁zone
2682	-11.341949	!!!
2683	-11.342119	▁harm
2684	-11.343021	▁application
2685	-11.344544	▁activity
2686	-11.344554	▁guide
2687	-11.344627	▁stable
2688	-11.344674	▁aspects
2689	-11.345901	▁engineering
2690	-11.346517	▁horses
2691	-11.347235	▁function
2692	-11.347346	▁companies
2693	-11.347347	▁double
2694	-11.347367	▁knee
2695	-11.347532	▁cheaper
2696	-11.347889	▁ed
2697	-11.348167	▁bi
2698	-11.350155	▁vibrant
2699	-11.350157	▁nightmare
2700	-11.350532	▁prize
2701	-11.350709	▁hunting
2702	-11.351781	▁helpless
2703	-11.351964	▁base
2704	-11.352136	▁salt
2705	-11.353252	work
2706	-11.353271	▁stopping
2707	-11.353823	▁mac
2708	-11.353947	ged
2709	-11.355798	▁apology
2710	-11.355799	▁barely
2711	-11.355810	▁poetry
2712	-11.355869	▁awareness
2713	-11.356311	▁failed
2714	-11.356340	▁reminder
2715	-11.358891	▁menu
2716	-11.360582	▁museums
2717	-11.361202	che
2718	-11.361483	▁facing
2719	-11.361773	▁ow
2720	-11.362090	br
2721	-11.363412	▁caring
2722	-11.363449	▁rome
2723	-11.364320	▁courage
2724	-11.364720	▁guests
2725	-11.364953	ned
2726	-11.365205	▁sc
2727	-11.365667	▁conversations
2728	-11.366008	nce
2729	-11.366316	▁dollar
2730	-11.366486	▁interact
2731	-11.366583	▁pretend
2732	-11.367177	▁idiot
2733	-11.367177	▁satisfaction
2734	-11.367944	ble
2735	-11.368647	▁limit
2736	-11.369113	▁cope
2737	-11.370042	▁fortunate
2738	-11.370046	▁jacket
2739	-11.370084	▁ooh
2740	-11.370299	▁thankfully
2741	-11.371765	▁honesty
2742	-11.373538	▁pot
2743	-11.374201	▁solving
2744	-11.375136	▁bath
2745	-11.375797	▁previous
2746	-11.375798	▁orange
2747	-11.375881	▁potter
2748	-11.376264	▁brighten
2749	-11.377323	▁dan
2750	-11.377474	▁pounds
2751	-11.377949	▁wheel
2752	-11.378214	▁th
2753	-11.378575	▁websites
2754	-11.378688	▁throat
2755	-11.379191	▁attending
2756	-11.379268	▁movement
2757	-11.380560	▁replace
2758	-11.381112	200
2759	-11.381598	▁laid
2760	-11.382001	▁che
2761	-11.382092	▁concepts
2762	-11.382652	▁retired
2763	-11.382698	▁concerns
2764	-11.383298	▁fuck
2765	-11.383520	ver
2766	-11.383895	▁puzzle
2767	-11.384472	▁document
2768	-11.385146	▁mmm
2769	-11.392761	▁recover
2770	-11.392899	▁effect
2771	-11.393265	▁inspiration
2772	-11.393265	▁knife
2773	-11.393733	▁men
2774	-11.394399	▁cards
2775	-11.396214	▁route
2776	-11.396273	▁exhausting
2777	-11.396793	▁deserves
2778	-11.396881	▁burned
2779	-11.397900	▁instructions
2780	-11.398361	zy
2781	-11.399053	▁lied
2782	-11.399157	▁burger
2783	-11.399259	for
2784	-11.399478	▁south
2785	-11.400708	▁drawn
2786	-11.401543	▁expand
2787	-11.402115	▁survive
2788	-11.403957	▁bob
2789	-11.404718	▁joined
2790	-11.405082	▁empty
2791	-11.405082	▁fascinated
2792	-11.405082	▁florida
2793	-11.405082	▁purse
2794	-11.405439	▁hitting
2795	-11.405675	▁su
2796	-11.405742	▁defend
2797	-11.407617	▁shock
2798	-11.408058	▁himself
2799	-11.408253	▁tip
2800	-11.408259	▁affordable
2801	-11.408453	▁lifted
2802	-11.408710	▁developer
2803	-11.409204	▁fixing
2804	-11.410106	lar
2805	-11.410512	▁followed
2806	-11.410594	▁click
2807	-11.410614	▁chores
2808	-11.411120	▁client
2809	-11.411491	▁crying
2810	-11.412172	▁print
2811	-11.413918	▁er
2812	-11.414373	▁cell
2813	-11.414468	▁hurtful
2814	-11.415598	▁cooked
2815	-11.416678	▁gut
2816	-11.417040	▁london
2817	-11.417040	▁spaghetti
2818	-11.417060	▁wrapped
2819	-11.417095	▁troubles
2820	-11.418033	▁packing
2821	-11.418100	▁pulled
2822	-11.418183	▁jai
2823	-11.419007	▁walls
2824	-11.419067	▁search
2825	-11.419139	▁rash
2826	-11.419572	her
2827	-11.423074	▁determination
2828	-11.423074	▁retriever
2829	-11.423087	▁slipping
2830	-11.423233	ose
2831	-11.425281	▁perspectives
2832	-11.426104	▁chaotic
2833	-11.426104	▁quarter
2834	-11.426106	▁plot
2835	-11.426507	▁rye
2836	-11.426709	▁anna
2837	-11.428345	ker
2838	-11.429027	▁tim
2839	-11.429070	▁gain
2840	-11.429233	▁management
2841	-11.429238	▁spain
2842	-11.429502	▁cr
2843	-11.429948	▁unit
2844	-11.430146	▁photo
2845	-11.430335	▁fans
2846	-11.431726	▁sew
2847	-11.431771	▁exams
2848	-11.432192	▁distance
2849	-11.432192	▁kaitlyn
2850	-11.432192	▁prison
2851	-11.432457	▁promised
2852	-11.432559	▁mentally
2853	-11.432794	▁genre
2854	-11.434422	▁tax
2855	-11.434484	▁sending
2856	-11.434561	▁deposit
2857	-11.435073	▁costs
2858	-11.435263	▁appearance
2859	-11.435631	▁lifetime
2860	-11.435924	▁shooting
2861	-11.436301	▁user
2862	-11.436748	▁ana
2863	-11.437226	▁pink
2864	-11.437782	lay
2865	-11.438321	▁goodbye
2866	-11.438337	▁lord
2867	-11.438955	▁daddy
2868	-11.439413	oh
2869	-11.441395	▁meditation
2870	-11.441449	▁adjustment
2871	-11.441994	▁dust
2872	-11.442139	▁lower
2873	-11.442506	▁member
2874	-11.442507	▁cannot
2875	-11.444473	▁fool
2876	-11.444481	▁cherish
2877	-11.445018	▁efficiently
2878	-11.445379	▁holiday
2879	-11.446503	▁ear
2880	-11.446981	▁sw
2881	-11.447042	▁added
2882	-11.447582	▁surroundings
2883	-11.447727	▁china
2884	-11.448085	▁agreement
2885	-11.448310	▁metal
2886	-11.448546	▁repair
2887	-11.448965	10
2888	-11.449044	▁gr
2889	-11.449849	▁begin
2890	-11.450284	use
2891	-11.450683	▁resolve
2892	-11.450684	▁surface
2893	-11.451434	▁maria
2894	-11.451571	▁crossing
2895	-11.451757	▁employee
2896	-11.451831	▁rule
2897	-11.452238	▁affecting
2898	-11.452538	▁prices
2899	-11.452855	pro
2900	-11.453362	▁ny
2901	-11.454116	▁grandparents
2902	-11.454546	▁failing
2903	-11.454570	▁socialize
2904	-11.455215	▁washing
2905	-11.455937	▁avoiding
2906	-11.456511	▁camp
2907	-11.457136	▁personality
2908	-11.457720	▁collecting
2909	-11.458281	▁press
2910	-11.459123	▁fat
2911	-11.459326	▁windows
2912	-11.460057	▁advertising
2913	-11.460057	▁apparently
2914	-11.460057	▁nowadays
2915	-11.460126	▁theater
2916	-11.460398	▁effectively
2917	-11.461042	!"
2918	-11.462194	▁release
2919	-11.463187	▁intention
2920	-11.463262	▁load
2921	-11.463275	▁ship
2922	-11.463533	▁kicked
2923	-11.463914	▁chances
2924	-11.464155	▁burning
2925	-11.465832	what
2926	-11.466357	▁distant
2927	-11.466357	▁identify
2928	-11.466357	▁thousand
2929	-11.466503	▁campus
2930	-11.467703	▁emotion
2931	-11.467772	asia
2932	-11.467880	▁cast
2933	-11.467973	▁personally
2934	-11.468978	fiction
2935	-11.469522	▁description
2936	-11.469904	▁pan
2937	-11.470474	▁applying
2938	-11.471331	▁van
2939	-11.472696	▁professor
2940	-11.472698	▁ankle
2941	-11.475865	▁occasion
2942	-11.475891	▁construction
2943	-11.477535	▁habit
2944	-11.479008	▁trusted
2945	-11.479075	▁exercising
2946	-11.479082	▁modern
2947	-11.479106	▁transportation
2948	-11.479111	▁cashier
2949	-11.479151	▁solid
2950	-11.479795	▁allowed
2951	-11.480067	▁fully
2952	-11.480264	▁tricks
2953	-11.480447	▁makeup
2954	-11.480844	▁assignment
2955	-11.481135	▁cleaned
2956	-11.481349	▁holidays
2957	-11.481459	ory
2958	-11.481683	person
2959	-11.482281	▁guidance
2960	-11.482281	▁pocket
2961	-11.482547	rian
2962	-11.485497	▁possibly
2963	-11.485497	▁treasure
2964	-11.485497	▁measure
2965	-11.485513	▁noticing
2966	-11.485548	▁east
2967	-11.486110	▁cheated
2968	-11.486441	▁handy
2969	-11.486645	▁hero
2970	-11.488722	▁essay
2971	-11.488722	▁separate
2972	-11.489275	▁opinions
2973	-11.490298	▁trick
2974	-11.491221	▁generations
2975	-11.492038	▁ages
2976	-11.494047	▁ski
2977	-11.494083	▁source
2978	-11.494756	▁earn
2979	-11.494811	▁videos
2980	-11.495205	▁platform
2981	-11.495205	▁skating
2982	-11.495261	▁stone
2983	-11.498463	▁slope
2984	-11.499262	▁ram
2985	-11.500736	▁singer
2986	-11.501798	▁comedy
2987	-11.502174	▁yo
2988	-11.504416	▁appeal
2989	-11.505009	▁depression
2990	-11.505013	▁odd
2991	-11.505054	▁tense
2992	-11.505087	▁names
2993	-11.507294	▁relieve
2994	-11.507452	▁raining
2995	-11.508311	▁crap
2996	-11.508557	▁glasses
2997	-11.509229	▁developing
2998	-11.509245	▁hopeless
2999	-11.510028	▁mike
3000	-11.510289	▁tastes
3001	-11.510469	ding
3002	-11.510849	▁candidate
3003	-11.511600	▁haircut
3004	-11.512003	▁closely
3005	-11.512491	▁crowded
3006	-11.512713	▁dresses
3007	-11.514087	00.
3008	-11.514874	▁profit
3009	-11.514910	▁eiffel
3010	-11.514911	▁stretch
3011	-11.514921	vie
3012	-11.515101	▁sat
3013	-11.515805	▁dressed
3014	-11.515930	▁comp
3015	-11.517280	▁efforts
3016	-11.517345	▁leading
3017	-11.517640	▁compliment
3018	-11.518302	▁drugs
3019	-11.518884	▁chess
3020	-11.520205	▁counting
3021	-11.521025	▁adopt
3022	-11.521566	▁failure
3023	-11.522527	rk
3024	-11.523124	dic
3025	-11.524104	▁lights
3026	-11.524808	▁emotional
3027	-11.524910	▁conflict
3028	-11.524910	▁published
3029	-11.524910	▁puppy
3030	-11.524961	▁tourist
3031	-11.524979	▁piling
3032	-11.525040	▁selfish
3033	-11.527193	▁snacks
3034	-11.527322	▁deliver
3035	-11.527786	▁fee
3036	-11.528266	▁africa
3037	-11.528280	▁sentence
3038	-11.528550	▁aunt
3039	-11.529085	▁hall
3040	-11.529422	▁rings
3041	-11.530508	▁trail
3042	-11.532896	▁streets
3043	-11.533936	▁groups
3044	-11.534790	▁accurate
3045	-11.535045	▁handsome
3046	-11.535295	▁reasonable
3047	-11.535532	▁forgetting
3048	-11.537362	▁lift
3049	-11.537395	minded
3050	-11.538401	▁vegetarian
3051	-11.538580	▁princess
3052	-11.538733	▁trends
3053	-11.539344	▁host
3054	-11.541092	▁fe
3055	-11.541802	▁ashamed
3056	-11.541802	▁backpack
3057	-11.541807	▁refund
3058	-11.541831	▁uncle
3059	-11.542428	▁grandfather
3060	-11.543107	▁catcher
3061	-11.544081	▁suggest
3062	-11.544171	▁crash
3063	-11.548640	▁believing
3064	-11.548640	▁chapter
3065	-11.548640	▁hilarious
3066	-11.548948	▁whoever
3067	-11.550405	▁filling
3068	-11.550534	▁bars
3069	-11.552082	▁repeat
3070	-11.552769	▁chip
3071	-11.553555	▁beaches
3072	-11.554317	▁nicely
3073	-11.554381	▁secondly
3074	-11.554519	▁inspire
3075	-11.555406	▁maintain
3076	-11.555525	▁tattoo
3077	-11.555539	▁salary
3078	-11.555765	▁lady
3079	-11.558151	ized
3080	-11.559333	▁warning
3081	-11.559740	▁aid
3082	-11.561677	▁accounting
3083	-11.562005	▁attract
3084	-11.562457	▁relatable
3085	-11.562732	▁sunny
3086	-11.562891	▁exercises
3087	-11.563134	▁driven
3088	-11.564336	▁army
3089	-11.565378	▁attend
3090	-11.565423	▁cy
3091	-11.565942	▁cloud
3092	-11.565955	▁graphic
3093	-11.566092	▁arms
3094	-11.566193	▁engaged
3095	-11.567151	▁concerned
3096	-11.569377	og
3097	-11.569438	▁bottom
3098	-11.569439	▁launch
3099	-11.569614	▁opera
3100	-11.571234	▁developed
3101	-11.571649	▁breaths
3102	-11.571942	▁involve
3103	-11.572071	▁designed
3104	-11.572282	▁counts
3105	-11.572947	▁newspaper
3106	-11.572948	▁luckily
3107	-11.573019	▁sunlight
3108	-11.573889	▁sis
3109	-11.575607	▁radio
3110	-11.575998	▁note
3111	-11.576473	▁cycle
3112	-11.576600	▁creepy
3113	-11.576728	▁meaningful
3114	-11.578312	▁del
3115	-11.580002	▁awkward
3116	-11.580002	▁concentrate
3117	-11.580002	▁heaven
3118	-11.580032	▁election
3119	-11.580378	sta
3120	-11.581193	▁cheer
3121	-11.581603	▁pr
3122	-11.581853	bra
3123	-11.582072	▁agreed
3124	-11.582787	▁sink
3125	-11.583239	nder
3126	-11.583554	▁duty
3127	-11.583601	▁input
3128	-11.583715	▁reaction
3129	-11.584031	▁boys
3130	-11.584750	▁button
3131	-11.585003	▁rob
3132	-11.586522	▁root
3133	-11.587106	▁medium
3134	-11.587107	▁australia
3135	-11.587107	▁circumstances
3136	-11.587107	▁opponent
3137	-11.587108	▁contest
3138	-11.587109	▁juice
3139	-11.587332	▁chi
3140	-11.589334	▁learner
3141	-11.589392	▁jeans
3142	-11.589513	▁heads
3143	-11.590693	▁thin
3144	-11.590805	▁overnight
3145	-11.590872	▁betrayed
3146	-11.591621	▁muscles
3147	-11.592978	▁teachers
3148	-11.593259	▁compare
3149	-11.593306	nk
3150	-11.594166	opening
3151	-11.594264	▁golf
3152	-11.594275	▁yellow
3153	-11.594289	▁awake
3154	-11.594313	▁joking
3155	-11.594740	▁fitness
3156	-11.597859	▁gratifying
3157	-11.597867	▁altogether
3158	-11.600462	▁arrive
3159	-11.600464	▁prepare
3160	-11.601057	▁bowl
3161	-11.601101	ence
3162	-11.601525	▁cities
3163	-11.603708	▁periods
3164	-11.605092	▁applied
3165	-11.605092	▁bleeding
3166	-11.605094	▁secure
3167	-11.605122	▁potatoes
3168	-11.605182	ugh
3169	-11.606840	▁none
3170	-11.608139	▁jen
3171	-11.608235	▁enter
3172	-11.608728	▁greece
3173	-11.608729	▁sculpture
3174	-11.608729	▁strive
3175	-11.608930	▁angeles
3176	-11.609004	▁alarm
3177	-11.609560	▁surfing
3178	-11.610145	bel
3179	-11.610160	ez
3180	-11.611463	let
3181	-11.612378	▁communicating
3182	-11.612378	▁counselor
3183	-11.612378	▁herself
3184	-11.612378	▁session
3185	-11.612902	▁zoo
3186	-11.613124	▁voices
3187	-11.613284	▁letters
3188	-11.613392	▁lock
3189	-11.613519	bu
3190	-11.614678	▁legal
3191	-11.615227	lic
3192	-11.615803	cing
3193	-11.616041	▁garage
3194	-11.616041	▁military
3195	-11.616817	▁fucking
3196	-11.617044	pu
3197	-11.619581	▁punch
3198	-11.619722	▁assistant
3199	-11.619928	▁teenager
3200	-11.621708	▁technique
3201	-11.621896	▁adults
3202	-11.622235	▁hunt
3203	-11.622403	▁motivate
3204	-11.623407	▁intelligent
3205	-11.623408	▁pencil
3206	-11.623410	▁importance
3207	-11.623568	▁los
3208	-11.623780	▁fullest
3209	-11.625010	▁conditions
3210	-11.625303	▁lee
3211	-11.625551	▁reminds
3212	-11.626194	▁deadlines
3213	-11.627111	▁airport
3214	-11.627111	▁battery
3215	-11.627111	▁climate
3216	-11.627111	▁everybody
3217	-11.627111	▁providing
3218	-11.627111	▁understood
3219	-11.627113	▁blanket
3220	-11.627175	▁environmental
3221	-11.627667	ld
3222	-11.628745	▁powers
3223	-11.629851	▁lawn
3224	-11.630063	ex
3225	-11.630128	▁suggestions
3226	-11.630829	▁pursuing
3227	-11.631310	▁kal
3228	-11.631698	▁panic
3229	-11.633063	▁siblings
3230	-11.633756	▁doc
3231	-11.634137	side
3232	-11.634561	▁independence
3233	-11.634563	▁humor
3234	-11.634580	▁junk
3235	-11.635210	▁suggesting
3236	-11.636139	▁faces
3237	-11.636394	▁deeper
3238	-11.636965	▁authors
3239	-11.637009	▁jokes
3240	-11.638306	▁marathon
3241	-11.638306	▁silly
3242	-11.638371	▁craft
3243	-11.639044	▁additional
3244	-11.639200	▁reminding
3245	-11.641059	▁receive
3246	-11.641402	▁patterns
3247	-11.641594	▁stole
3248	-11.642044	▁revolution
3249	-11.642065	▁infection
3250	-11.642065	▁sacrifice
3251	-11.642065	▁snake
3252	-11.642484	▁larger
3253	-11.645498	▁stranger
3254	-11.646058	▁distracted
3255	-11.646630	ical
3256	-11.647069	▁ver
3257	-11.647090	aid
3258	-11.647452	▁butter
3259	-11.648621	▁promote
3260	-11.648912	▁fingers
3261	-11.649627	▁impossible
3262	-11.649627	▁religious
3263	-11.649783	▁rub
3264	-11.651243	▁burnt
3265	-11.652138	▁majoring
3266	-11.652344	▁blow
3267	-11.653386	▁proper
3268	-11.653429	▁festival
3269	-11.653429	▁guarantee
3270	-11.653429	▁political
3271	-11.654193	▁wherever
3272	-11.654468	▁site
3273	-11.655242	▁chase
3274	-11.655586	▁catchy
3275	-11.656735	▁buildings
3276	-11.657688	▁surely
3277	-11.658154	▁wi
3278	-11.660310	rry
3279	-11.661609	▁closed
3280	-11.662081	▁lend
3281	-11.662260	▁rise
3282	-11.662625	▁deeply
3283	-11.664516	▁par
3284	-11.664923	▁recycling
3285	-11.664923	▁umbrella
3286	-11.664932	▁biology
3287	-11.664934	▁regardless
3288	-11.664954	▁jerry
3289	-11.665934	▁hip
3290	-11.667031	▁likewise
3291	-11.667165	▁eve
3292	-11.667343	▁suits
3293	-11.668784	▁organizing
3294	-11.670554	▁offered
3295	-11.672660	▁literature
3296	-11.674460	▁dressing
3297	-11.677996	▁gay
3298	-11.678556	ning
3299	-11.679494	▁reader
3300	-11.680134	▁lyrics
3301	-11.680458	▁grind
3302	-11.680494	▁fence
3303	-11.680556	▁runs
3304	-11.680618	▁labor
3305	-11.681447	▁sec
3306	-11.682018	0,000
3307	-11.683125	▁shared
3308	-11.683827	▁pros
3309	-11.684068	▁object
3310	-11.684155	nia
3311	-11.684244	▁ob
3312	-11.684379	▁intelligence
3313	-11.684657	▁connecting
3314	-11.684721	aw
3315	-11.685749	▁articles
3316	-11.685758	▁received
3317	-11.685966	▁experimenting
3318	-11.687629	▁sub
3319	-11.688007	lor
3320	-11.688316	▁perhaps
3321	-11.688401	▁accidentally
3322	-11.688774	▁national
3323	-11.691528	▁sticking
3324	-11.691675	▁gather
3325	-11.692268	▁qualified
3326	-11.692269	▁presence
3327	-11.692883	▁cry
3328	-11.693336	▁stores
3329	-11.694624	▁counter
3330	-11.695394	▁coast
3331	-11.696237	▁claim
3332	-11.696237	▁silver
3333	-11.696252	▁pepper
3334	-11.696267	▁fries
3335	-11.696354	▁messing
3336	-11.699410	▁farmer
3337	-11.699635	workers
3338	-11.700221	▁structure
3339	-11.700221	▁trigger
3340	-11.700521	▁handled
3341	-11.700658	▁spin
3342	-11.704221	▁allergic
3343	-11.704226	▁explaining
3344	-11.705335	over
3345	-11.705387	▁agreeing
3346	-11.705751	▁fluids
3347	-11.706719	▁strengths
3348	-11.707546	▁kale
3349	-11.707988	▁cheap
3350	-11.708213	▁transfer
3351	-11.708237	▁eager
3352	-11.708237	▁plunge
3353	-11.709267	▁clubs
3354	-11.712269	▁dessert
3355	-11.712269	▁priority
3356	-11.712270	▁bonus
3357	-11.712270	▁costume
3358	-11.712276	▁slice
3359	-11.712292	▁bodies
3360	-11.712466	▁trial
3361	-11.712485	▁chatting
3362	-11.714504	▁fighter
3363	-11.715012	▁cigarettes
3364	-11.716318	▁horror
3365	-11.716322	▁shore
3366	-11.716331	▁massage
3367	-11.716511	rd
3368	-11.716602	▁emotionally
3369	-11.716632	▁north
3370	-11.717304	▁rosa
3371	-11.718252	▁subjects
3372	-11.718619	▁solar
3373	-11.718944	▁meetings
3374	-11.719907	▁related
3375	-11.719973	▁male
3376	-11.720388	▁assistance
3377	-11.720388	▁jesus
3378	-11.720510	▁neck
3379	-11.720670	▁yea
3380	-11.721644	▁searching
3381	-11.722139	▁distractions
3382	-11.722302	▁flower
3383	-11.722460	▁shi
3384	-11.723102	▁shorter
3385	-11.723253	▁direct
3386	-11.724464	▁emergency
3387	-11.724464	▁innocent
3388	-11.724465	▁phase
3389	-11.725648	▁starters
3390	-11.725795	▁holden
3391	-11.727281	▁repairs
3392	-11.727418	▁directions
3393	-11.728497	▁commit
3394	-11.728563	▁remain
3395	-11.728807	▁pour
3396	-11.730284	▁overdo
3397	-11.731235	▁rushing
3398	-11.732678	▁fabric
3399	-11.732678	▁flexible
3400	-11.732678	▁horrible
3401	-11.732678	▁reservation
3402	-11.732840	▁nick
3403	-11.736154	▁calls
3404	-11.736880	▁dude
3405	-11.736949	▁statement
3406	-11.737135	▁breed
3407	-11.738483	▁row
3408	-11.740368	▁bully
3409	-11.740959	▁extracurricular
3410	-11.740960	▁strategies
3411	-11.740961	▁expert
3412	-11.740984	▁beef
3413	-11.741095	▁ideal
3414	-11.742048	▁nearly
3415	-11.742126	▁compared
3416	-11.742275	▁discussing
3417	-11.742909	▁habits
3418	-11.743549	▁mission
3419	-11.743939	▁ph
3420	-11.745127	▁engaging
3421	-11.745127	▁figuring
3422	-11.745128	▁threw
3423	-11.745189	▁decent
3424	-11.745900	▁rec
3425	-11.745997	▁pat
3426	-11.746636	▁cass
3427	-11.748017	▁payments
3428	-11.748044	▁relaxation
3429	-11.748201	cul
3430	-11.748810	▁dirt
3431	-11.749125	▁original
3432	-11.749310	▁compromise
3433	-11.749310	▁discouraged
3434	-11.749310	▁practical
3435	-11.750763	▁sources
3436	-11.750796	▁coin
3437	-11.750823	ep
3438	-11.751941	▁wasting
3439	-11.751976	▁jean
3440	-11.752520	rc
3441	-11.753147	▁soap
3442	-11.753512	▁sensitive
3443	-11.753519	▁remove
3444	-11.753526	▁slipped
3445	-11.754056	▁west
3446	-11.755735	ov
3447	-11.756183	▁mic
3448	-11.757624	▁customs
3449	-11.757731	▁monster
3450	-11.757731	▁slide
3451	-11.757742	▁outcome
3452	-11.758292	know
3453	-11.759412	▁foundation
3454	-11.759976	▁frank
3455	-11.760637	win
3456	-11.761969	▁fancy
3457	-11.761969	▁request
3458	-11.761969	▁superhero
3459	-11.761998	▁error
3460	-11.762083	▁respectful
3461	-11.762527	written
3462	-11.762737	▁appealing
3463	-11.762945	▁humans
3464	-11.763023	▁particularly
3465	-11.763056	light
3466	-11.763196	▁feed
3467	-11.764708	▁completed
3468	-11.764909	▁pray
3469	-11.765361	▁electric
3470	-11.765391	▁kick
3471	-11.766161	▁boarding
3472	-11.766184	▁gentle
3473	-11.766224	▁classmates
3474	-11.766225	▁shelves
3475	-11.766736	▁insist
3476	-11.766807	maybe
3477	-11.766965	▁crashing
3478	-11.767159	▁hop
3479	-11.768420	▁kindness
3480	-11.770020	▁dwell
3481	-11.770497	▁lasagna
3482	-11.770497	▁raising
3483	-11.770498	▁twenty
3484	-11.770586	▁tomatoes
3485	-11.770835	1,000
3486	-11.772510	▁cop
3487	-11.772786	▁wise
3488	-11.774300	▁chose
3489	-11.774790	▁senior
3490	-11.775755	point
3491	-11.776003	like
3492	-11.776011	▁closet
3493	-11.777391	▁fades
3494	-11.777851	yes
3495	-11.779099	▁disaster
3496	-11.779101	▁bruise
3497	-11.779148	▁youtube
3498	-11.779154	▁pitch
3499	-11.781044	▁causes
3500	-11.781977	▁highly
3501	-11.782834	▁interrupt
3502	-11.783211	▁min
3503	-11.783429	▁energetic
3504	-11.783429	▁fought
3505	-11.783429	▁injuries
3506	-11.783429	▁upstairs
3507	-11.786448	▁theory
3508	-11.787777	▁liberating
3509	-11.787784	▁settling
3510	-11.787852	▁extremely
3511	-11.788011	▁directly
3512	-11.788059	▁tiny
3513	-11.788863	izing
3514	-11.789754	▁aside
3515	-11.792130	▁tutor
3516	-11.792144	▁concussion
3517	-11.792393	uck
3518	-11.792661	▁sailing
3519	-11.792754	▁production
3520	-11.793524	ale
3521	-11.794664	▁beans
3522	-11.794724	▁cris
3523	-11.795457	car
3524	-11.796079	▁freak
3525	-11.796530	▁thirsty
3526	-11.796548	▁ballet
3527	-11.796559	▁scar
3528	-11.796575	▁parking
3529	-11.796692	▁manageable
3530	-11.798308	▁pushed
3531	-11.799049	▁languages
3532	-11.799107	▁standards
3533	-11.799293	▁chill
3534	-11.800905	▁disagree
3535	-11.800935	▁channel
3536	-11.801022	▁crush
3537	-11.801344	▁wealthy
3538	-11.802656	▁filled
3539	-11.803460	▁mile
3540	-11.803646	▁comic
3541	-11.803806	▁planets
3542	-11.804467	▁supporting
3543	-11.805360	▁george
3544	-11.805541	ups
3545	-11.805644	▁runner
3546	-11.806103	▁cheering
3547	-11.806446	▁toast
3548	-11.809804	▁garbage
3549	-11.809804	▁judging
3550	-11.809804	▁rescue
3551	-11.809882	ified
3552	-11.810257	▁boxes
3553	-11.813121	▁factor
3554	-11.813723	▁nails
3555	-11.814268	▁compatible
3556	-11.814268	▁fulfilled
3557	-11.814268	▁shadow
3558	-11.814268	▁studio
3559	-11.815494	▁shirts
3560	-11.815945	▁complaining
3561	-11.816620	▁finals
3562	-11.816792	▁pleased
3563	-11.817295	▁conscious
3564	-11.818733	▁birth
3565	-11.818752	▁passport
3566	-11.818753	▁strict
3567	-11.818917	▁records
3568	-11.820891	▁require
3569	-11.821594	rah
3570	-11.822683	▁reward
3571	-11.822702	▁shots
3572	-11.822845	▁rides
3573	-11.822992	▁fl
3574	-11.823256	istic
3575	-11.823257	▁qualifications
3576	-11.823257	▁wednesday
3577	-11.823308	can
3578	-11.823392	▁paul
3579	-11.824077	gar
3580	-11.824448	▁l
3581	-11.824825	▁recommended
3582	-11.826760	ending
3583	-11.826979	ake
3584	-11.827191	▁emma
3585	-11.827778	▁loyal
3586	-11.827782	▁citizen
3587	-11.827782	▁ignoring
3588	-11.831732	▁respond
3589	-11.832327	▁conclusion
3590	-11.832328	▁athlete
3591	-11.832328	▁operation
3592	-11.832329	▁tech
3593	-11.832334	▁attractive
3594	-11.833135	ade
3595	-11.833743	fe
3596	-11.835029	rate
3597	-11.835201	▁lash
3598	-11.836572	▁chips
3599	-11.836894	▁describe
3600	-11.837615	▁tricky
3601	-11.838815	▁lines
3602	-11.838960	▁brainstorming
3603	-11.840502	▁doors
3604	-11.841031	▁crack
3605	-11.841481	▁contributing
3606	-11.841489	▁bugging
3607	-11.841530	▁chasing
3608	-11.841619	▁victory
3609	-11.841656	▁temper
3610	-11.841705	▁discussion
3611	-11.841762	▁ref
3612	-11.842075	▁attracted
3613	-11.842265	▁spots
3614	-11.842305	ear
3615	-11.842925	▁dec
3616	-11.846089	▁murder
3617	-11.846090	▁spice
3618	-11.846098	▁formula
3619	-11.846180	▁sake
3620	-11.847213	▁blowing
3621	-11.849245	▁adi
3622	-11.850014	▁rat
3623	-11.850718	▁equipment
3624	-11.850718	▁preparing
3625	-11.850718	▁suspicious
3626	-11.851153	▁summertime
3627	-11.851712	friendly
3628	-11.851844	▁discovered
3629	-11.852694	▁bat
3630	-11.852819	▁tony
3631	-11.852917	▁leads
3632	-11.854795	▁method
3633	-11.855151	▁constant
3634	-11.855370	▁proposal
3635	-11.855371	▁multiply
3636	-11.855371	▁basis
3637	-11.855479	▁landscapes
3638	-11.855495	▁bandage
3639	-11.855774	▁shade
3640	-11.856296	book
3641	-11.856455	▁schoolwork
3642	-11.856982	board
3643	-11.858160	off
3644	-11.858846	▁log
3645	-11.858949	▁pig
3646	-11.859035	▁prescribe
3647	-11.859372	▁matt
3648	-11.860043	▁captain
3649	-11.860043	▁evil
3650	-11.860043	▁halloween
3651	-11.860046	▁boost
3652	-11.860084	▁canada
3653	-11.860971	back
3654	-11.861279	ities
3655	-11.862006	▁cal
3656	-11.862574	iz
3657	-11.863540	▁clock
3658	-11.864451	▁pale
3659	-11.864738	▁motorcycle
3660	-11.864739	▁queen
3661	-11.865199	▁gu
3662	-11.865247	▁soak
3663	-11.865319	▁methods
3664	-11.865350	▁stolen
3665	-11.865640	▁prayer
3666	-11.866132	▁healing
3667	-11.866400	▁adjusting
3668	-11.868661	▁h
3669	-11.869237	▁aspect
3670	-11.869393	▁port
3671	-11.869431	▁remembered
3672	-11.869454	▁cuisine
3673	-11.870112	ole
3674	-11.870366	▁pal
3675	-11.870662	▁patch
3676	-11.870890	▁cookie
3677	-11.870985	▁dull
3678	-11.871997	▁stocks
3679	-11.873742	▁register
3680	-11.874159	▁slip
3681	-11.874194	▁adapt
3682	-11.874194	▁browsing
3683	-11.874194	▁freelance
3684	-11.874194	▁landmarks
3685	-11.874194	▁length
3686	-11.874194	▁receipt
3687	-11.874198	▁random
3688	-11.874420	cc
3689	-11.874910	ology
3690	-11.875383	home
3691	-11.878585	▁nu
3692	-11.878956	▁argue
3693	-11.878956	▁mutual
3694	-11.878956	▁resort
3695	-11.878963	▁forgotten
3696	-11.879012	▁string
3697	-11.879415	▁weighing
3698	-11.879704	▁angle
3699	-11.879718	▁ordered
3700	-11.881554	▁calmly
3701	-11.883740	▁criminal
3702	-11.883740	▁sunscreen
3703	-11.883741	▁workload
3704	-11.883786	▁tyler
3705	-11.883976	▁blessing
3706	-11.884766	▁update
3707	-11.885036	▁vet
3708	-11.885312	▁image
3709	-11.885578	▁soda
3710	-11.885674	▁jumping
3711	-11.887021	ean
3712	-11.888567	▁wound
3713	-11.888605	▁flavorful
3714	-11.888631	▁facebook
3715	-11.889111	▁hardest
3716	-11.889207	▁fr
3717	-11.889499	▁pile
3718	-11.890469	▁outlook
3719	-11.892096	▁signed
3720	-11.892831	▁surf
3721	-11.892939	▁christian
3722	-11.893025	▁fla
3723	-11.893243	▁branch
3724	-11.893379	▁clue
3725	-11.893379	▁permission
3726	-11.893537	sigh
3727	-11.893752	▁entertaining
3728	-11.895889	▁weights
3729	-11.897639	▁network
3730	-11.898233	▁imagination
3731	-11.898249	hh
3732	-11.898254	▁bye
3733	-11.898304	▁socializing
3734	-11.899085	▁lifting
3735	-11.899142	▁wo
3736	-11.899412	knit
3737	-11.900080	▁affected
3738	-11.900339	▁dare
3739	-11.900890	▁applications
3740	-11.903118	▁outgoing
3741	-11.903123	▁disrespectful
3742	-11.903520	▁thrilled
3743	-11.903559	▁james
3744	-11.903689	▁magazine
3745	-11.904063	▁sewing
3746	-11.904132	▁award
3747	-11.904174	▁bail
3748	-11.904584	▁nail
3749	-11.904984	not
3750	-11.905100	▁listened
3751	-11.905539	▁lin
3752	-11.906273	stop
3753	-11.907612	nic
3754	-11.908013	▁economic
3755	-11.908410	▁tripped
3756	-11.912905	▁eaten
3757	-11.912939	▁spider
3758	-11.912940	▁bahamas
3759	-11.912940	▁injury
3760	-11.912940	▁popcorn
3761	-11.912942	▁grass
3762	-11.912946	▁fridge
3763	-11.912951	▁spinning
3764	-11.913287	▁hometown
3765	-11.914127	right
3766	-11.914315	▁kissing
3767	-11.915151	thank
3768	-11.916986	▁term
3769	-11.917557	▁bestie
3770	-11.917891	▁aggressive
3771	-11.917891	▁device
3772	-11.917891	▁lecture
3773	-11.917891	▁victim
3774	-11.917893	▁desire
3775	-11.917954	▁bible
3776	-11.918501	▁locked
3777	-11.918603	▁rep
3778	-11.921092	▁decorate
3779	-11.921891	▁safer
3780	-11.922865	▁administration
3781	-11.922865	▁energized
3782	-11.922865	▁sightseeing
3783	-11.922866	▁chemical
3784	-11.922873	▁tension
3785	-11.923032	ache
3786	-11.923098	▁stepped
3787	-11.923447	▁johnson
3788	-11.923522	▁suggested
3789	-11.924162	▁suck
3790	-11.924459	▁pin
3791	-11.926204	bella
3792	-11.927865	▁batteries
3793	-11.927865	▁steam
3794	-11.928937	▁mini
3795	-11.928957	▁professionally
3796	-11.929236	clock
3797	-11.929997	▁fond
3798	-11.931839	▁tu
3799	-11.932552	house
3800	-11.932890	▁england
3801	-11.932890	▁frosting
3802	-11.932890	▁japanese
3803	-11.932890	▁various
3804	-11.932982	▁penny
3805	-11.933144	▁agent
3806	-11.933179	tta
3807	-11.933397	▁jess
3808	-11.934260	▁wh
3809	-11.934936	▁simpler
3810	-11.935783	con
3811	-11.936107	▁rope
3812	-11.936530	▁cure
3813	-11.937631	uc
3814	-11.937946	▁breeze
3815	-11.938062	▁vent
3816	-11.938246	▁arrested
3817	-11.938713	▁kim
3818	-11.938801	▁films
3819	-11.938985	free
3820	-11.939550	▁ac
3821	-11.941121	▁sentiment
3822	-11.943017	▁nauseous
3823	-11.943017	▁punctual
3824	-11.943017	▁scheme
3825	-11.943040	▁banana
3826	-11.943251	▁fractions
3827	-11.943639	▁networking
3828	-11.943741	▁earned
3829	-11.944643	▁snack
3830	-11.945730	▁elements
3831	-11.946170	▁respected
3832	-11.946626	ound
3833	-11.948057	▁pl
3834	-11.948119	▁adorable
3835	-11.948119	▁breathtaking
3836	-11.948119	▁meatballs
3837	-11.948121	▁drums
3838	-11.948262	▁attached
3839	-11.949702	▁patients
3840	-11.952492	▁ghosts
3841	-11.952757	▁spoke
3842	-11.953247	▁appropriate
3843	-11.953247	▁pleasant
3844	-11.953247	▁tournament
3845	-11.953260	▁bookstore
3846	-11.953603	▁papers
3847	-11.953846	▁campaigns
3848	-11.955418	▁gig
3849	-11.955602	ju
3850	-11.957650	▁aboard
3851	-11.958123	▁jose
3852	-11.958402	▁procedure
3853	-11.958402	▁reputation
3854	-11.958402	▁seafood
3855	-11.958432	▁aim
3856	-11.958436	▁tiring
3857	-11.958459	▁romance
3858	-11.958541	▁abandoned
3859	-11.959084	▁wil
3860	-11.959168	▁shops
3861	-11.959476	▁socks
3862	-11.962015	▁11
3863	-11.962342	12
3864	-11.963583	▁explanation
3865	-11.963583	▁initiative
3866	-11.963583	▁niece
3867	-11.963585	▁kitten
3868	-11.963586	▁split
3869	-11.963586	▁version
3870	-11.963629	▁gear
3871	-11.964082	▁believed
3872	-11.964420	▁illness
3873	-11.964697	▁stamps
3874	-11.964991	uff
3875	-11.965596	▁progressing
3876	-11.966068	▁standard
3877	-11.966558	▁organizations
3878	-11.967296	▁exp
3879	-11.967316	▁sal
3880	-11.968574	▁sail
3881	-11.968792	oriented
3882	-11.968792	▁ordinary
3883	-11.968792	▁vitamin
3884	-11.968793	▁resonate
3885	-11.968794	▁jax
3886	-11.968795	▁iphone
3887	-11.968807	▁oven
3888	-11.968862	▁chop
3889	-11.969585	▁delivery
3890	-11.969898	▁updated
3891	-11.970183	▁screwing
3892	-11.970686	▁normally
3893	-11.971742	▁shooter
3894	-11.972209	▁expressing
3895	-11.972396	▁mali
3896	-11.972958	▁item
3897	-11.973021	▁divide
3898	-11.973524	hop
3899	-11.973896	▁ethic
3900	-11.974028	▁appear
3901	-11.974028	▁league
3902	-11.974037	▁spark
3903	-11.974153	▁minor
3904	-11.974160	▁yum
3905	-11.974316	▁frame
3906	-11.975008	▁link
3907	-11.975851	▁replaced
3908	-11.976698	▁killer
3909	-11.978841	▁destroy
3910	-11.979290	▁affair
3911	-11.979290	▁pollution
3912	-11.979291	▁visual
3913	-11.979318	▁abby
3914	-11.980442	▁firsthand
3915	-11.980531	▁kris
3916	-11.980762	▁arrived
3917	-11.980853	▁mentioned
3918	-11.981206	▁donation
3919	-11.984454	▁profession
3920	-11.984535	▁symbol
3921	-11.984581	▁architecture
3922	-11.984581	▁blind
3923	-11.984581	▁redemption
3924	-11.984582	▁implement
3925	-11.984583	▁shelf
3926	-11.984614	▁thick
3927	-11.984635	▁alien
3928	-11.984767	▁isolated
3929	-11.984996	▁objects
3930	-11.985211	▁roller
3931	-11.985526	▁compliments
3932	-11.985785	▁candidates
3933	-11.986166	und
3934	-11.986311	▁comforting
3935	-11.986835	▁mud
3936	-11.989901	▁boston
3937	-11.989901	▁centuries
3938	-11.989901	▁flattering
3939	-11.989901	▁unacceptable
3940	-11.989902	▁strike
3941	-11.989902	▁television
3942	-11.989902	▁pilot
3943	-11.990023	▁excel
3944	-11.991009	▁pretending
3945	-11.991507	▁requires
3946	-11.991683	▁tape
3947	-11.992075	▁bay
3948	-11.993055	▁gum
3949	-11.993442	▁grounded
3950	-11.994788	▁shown
3951	-11.995248	▁offense
3952	-11.995248	▁paranoid
3953	-11.995248	▁sneak
3954	-11.995262	▁sustainable
3955	-11.995376	▁scale
3956	-11.998793	▁thrill
3957	-11.999306	▁mario
3958	-12.000625	▁confirm
3959	-12.000625	▁juggle
3960	-12.001209	▁sweater
3961	-12.003049	▁critical
3962	-12.005702	list
3963	-12.005994	▁predict
3964	-12.006030	▁desperate
3965	-12.006030	▁diligent
3966	-12.006030	▁kindergarten
3967	-12.006030	▁parmesan
3968	-12.006030	▁simply
3969	-12.006030	▁steady
3970	-12.006030	▁texas
3971	-12.006166	▁liz
3972	-12.006639	▁convinced
3973	-12.006759	▁factory
3974	-12.006844	▁fitting
3975	-12.006933	▁stare
3976	-12.007662	▁hassle
3977	-12.007685	▁jumped
3978	-12.008387	▁scenes
3979	-12.009091	▁monthly
3980	-12.011244	▁significant
3981	-12.011464	▁alternative
3982	-12.011464	▁scholarship
3983	-12.011465	▁conquer
3984	-12.011465	▁vacuum
3985	-12.011470	▁comedies
3986	-12.011474	▁trap
3987	-12.012329	▁outlet
3988	-12.013226	conscious
3989	-12.014732	▁charges
3990	-12.014919	▁height
3991	-12.014956	▁finance
3992	-12.015047	▁disc
3993	-12.015992	down
3994	-12.016401	▁pm
3995	-12.016929	▁adrenaline
3996	-12.016929	▁afloat
3997	-12.016929	▁anniversary
3998	-12.016929	▁choosing
3999	-12.016929	▁juicy
4000	-12.016930	▁carrots
4001	-12.016930	▁genuine
4002	-12.016933	▁recess
4003	-12.017660	▁recognized
4004	-12.018049	hey
4005	-12.019189	▁tooth
4006	-12.019523	▁savor
4007	-12.020672	ward
4008	-12.020917	▁formal
4009	-12.021413	▁influence
4010	-12.021926	▁wealth
4011	-12.022424	▁commercial
4012	-12.022424	▁concrete
4013	-12.022424	▁dizzy
4014	-12.022424	▁nguyen
4015	-12.022424	▁optimistic
4016	-12.022424	▁rabbit
4017	-12.022424	▁transition
4018	-12.022430	▁title
4019	-12.022445	▁assume
4020	-12.022480	▁grandpa
4021	-12.022515	▁buff
4022	-12.023285	▁lending
4023	-12.024546	▁messages
4024	-12.024799	▁served
4025	-12.027948	▁diamond
4026	-12.027948	▁innovative
4027	-12.027948	▁miserable
4028	-12.027948	▁polite
4029	-12.028192	▁castle
4030	-12.029441	▁avi
4031	-12.031051	▁dig
4032	-12.031868	▁overtime
4033	-12.033001	▁transport
4034	-12.033012	being
4035	-12.033486	▁grace
4036	-12.033504	▁continuing
4037	-12.033504	▁proactive
4038	-12.033504	▁species
4039	-12.033504	▁vanilla
4040	-12.033508	▁texture
4041	-12.033950	▁hay
4042	-12.034056	▁equally
4043	-12.038518	▁wander
4044	-12.039090	▁empire
4045	-12.039090	▁hesitant
4046	-12.039090	▁relevant
4047	-12.039091	▁casual
4048	-12.039091	▁horizon
4049	-12.039104	▁elementary
4050	-12.039115	▁ryan
4051	-12.039239	▁carmen
4052	-12.039241	▁mama
4053	-12.040893	cor
4054	-12.043275	▁trim
4055	-12.043742	▁loser
4056	-12.044710	▁average
4057	-12.044840	▁gray
4058	-12.045362	▁waiter
4059	-12.045685	cent
4060	-12.046614	▁tune
4061	-12.048324	▁jamar
4062	-12.049942	▁specialize
4063	-12.050358	▁daunting
4064	-12.050358	▁xyz
4065	-12.050361	▁insane
4066	-12.050398	▁preference
4067	-12.050433	▁leak
4068	-12.050732	▁lack
4069	-12.050788	▁knocked
4070	-12.050803	▁nine
4071	-12.050817	made
4072	-12.051015	▁tear
4073	-12.051522	▁puzzles
4074	-12.052899	▁assignments
4075	-12.053237	▁mate
4076	-12.053551	▁laughed
4077	-12.053725	▁renting
4078	-12.054921	▁roommate
4079	-12.054950	▁fo
4080	-12.055036	▁organize
4081	-12.056550	ji
4082	-12.056831	▁dwelling
4083	-12.056973	▁fake
4084	-12.057099	▁testing
4085	-12.057385	▁marvel
4086	-12.057798	▁tap
4087	-12.057861	top
4088	-12.057915	▁grad
4089	-12.058894	old
4090	-12.059593	▁perks
4091	-12.059789	▁donations
4092	-12.060399	▁fed
4093	-12.061341	▁cells
4094	-12.061754	▁bucket
4095	-12.061754	▁choir
4096	-12.061754	▁hockey
4097	-12.061754	▁serving
4098	-12.061754	▁weaknesses
4099	-12.061787	▁revolutionary
4100	-12.061800	▁robot
4101	-12.061870	▁connections
4102	-12.062231	▁stain
4103	-12.062243	▁destroyed
4104	-12.064732	▁kate
4105	-12.065403	▁volunteers
4106	-12.066324	▁juliet
4107	-12.066944	▁visited
4108	-12.067501	▁addiction
4109	-12.067501	▁garlic
4110	-12.067501	▁informative
4111	-12.067511	▁civilization
4112	-12.067608	▁oak
4113	-12.067988	▁display
4114	-12.068065	▁gap
4115	-12.070730	▁returning
4116	-12.073282	▁ambulance
4117	-12.073282	▁contain
4118	-12.073305	▁actress
4119	-12.073332	▁towel
4120	-12.073423	▁gene
4121	-12.073635	▁tries
4122	-12.073647	how
4123	-12.074806	▁endless
4124	-12.075066	life
4125	-12.076994	▁baker
4126	-12.077868	key
4127	-12.079069	▁journal
4128	-12.079096	▁agency
4129	-12.079096	▁foreign
4130	-12.079096	▁inconvenience
4131	-12.079096	▁tragic
4132	-12.079097	▁british
4133	-12.079097	▁decorations
4134	-12.079097	▁estate
4135	-12.079097	▁kingdom
4136	-12.079098	▁venture
4137	-12.079254	▁annoyed
4138	-12.080336	▁lamp
4139	-12.080342	▁spreading
4140	-12.081206	jo
4141	-12.081439	▁verb
4142	-12.083775	▁hon
4143	-12.084433	▁german
4144	-12.084852	▁exhibit
4145	-12.084944	▁tuesday
4146	-12.085505	▁vast
4147	-12.085922	▁rooting
4148	-12.086102	▁lila
4149	-12.086172	▁processed
4150	-12.086758	▁guessing
4151	-12.086888	▁limits
4152	-12.087103	▁heights
4153	-12.087165	▁dreamed
4154	-12.088905	▁cru
4155	-12.090236	▁nico
4156	-12.090396	▁hook
4157	-12.090690	▁dragon
4158	-12.090826	▁cautious
4159	-12.090826	▁companion
4160	-12.090826	▁increasing
4161	-12.090826	▁ugly
4162	-12.090852	▁audition
4163	-12.091006	▁serene
4164	-12.093026	ability
4165	-12.094361	▁captured
4166	-12.094380	gle
4167	-12.094805	▁sin
4168	-12.095705	▁advance
4169	-12.096058	▁damaged
4170	-12.096293	▁knock
4171	-12.096300	▁roast
4172	-12.096605	▁landscape
4173	-12.096620	▁drug
4174	-12.096744	▁estimate
4175	-12.096744	▁identity
4176	-12.096744	▁participate
4177	-12.096744	▁turkey
4178	-12.096744	▁voting
4179	-12.096910	▁listener
4180	-12.097097	▁sandwiches
4181	-12.097196	▁hooked
4182	-12.097287	▁bump
4183	-12.099414	▁david
4184	-12.102695	▁fifty
4185	-12.102695	▁leadership
4186	-12.102695	▁naked
4187	-12.102695	▁policies
4188	-12.102695	▁skydiving
4189	-12.102695	▁unhealthy
4190	-12.102709	▁carpet
4191	-12.102823	▁coding
4192	-12.103032	▁hr
4193	-12.103815	▁bin
4194	-12.103991	▁crossed
4195	-12.104220	▁wheels
4196	-12.104645	▁belt
4197	-12.104989	▁yell
4198	-12.105015	▁spa
4199	-12.105101	▁staring
4200	-12.106458	▁smarter
4201	-12.108521	▁custom
4202	-12.108679	▁uncertain
4203	-12.108684	▁lease
4204	-12.108684	▁protein
4205	-12.108684	▁shawshank
4206	-12.108684	▁striving
4207	-12.108685	▁consistent
4208	-12.108685	▁cruise
4209	-12.108879	▁shoe
4210	-12.109272	▁cracked
4211	-12.109491	▁fred
4212	-12.110668	▁mass
4213	-12.112552	▁hoped
4214	-12.114708	▁anybody
4215	-12.114708	▁organic
4216	-12.114747	▁persony
4217	-12.115096	▁poem
4218	-12.115442	▁rip
4219	-12.115689	▁mend
4220	-12.117332	▁fears
4221	-12.117985	▁covering
4222	-12.118217	▁tank
4223	-12.118724	▁accepting
4224	-12.120769	▁adventurous
4225	-12.120769	▁ceremony
4226	-12.120769	▁frustration
4227	-12.120769	▁instructor
4228	-12.120781	▁dentist
4229	-12.120791	▁stability
4230	-12.120906	▁duck
4231	-12.122279	▁till
4232	-12.123695	▁pump
4233	-12.124138	▁included
4234	-12.124279	▁risky
4235	-12.124966	▁catches
4236	-12.125591	▁rod
4237	-12.126866	▁bullshit
4238	-12.126868	▁stairs
4239	-12.126895	▁occasionally
4240	-12.126915	▁insight
4241	-12.127320	▁mug
4242	-12.127403	▁disappointing
4243	-12.127742	fu
4244	-12.127785	▁gathering
4245	-12.132275	▁magazines
4246	-12.132681	▁dump
4247	-12.133001	▁nutrients
4248	-12.133001	▁versatile
4249	-12.133005	▁drove
4250	-12.133721	▁mill
4251	-12.133849	▁rested
4252	-12.134592	ple
4253	-12.135432	▁traditions
4254	-12.135550	▁karen
4255	-12.136085	▁weigh
4256	-12.136789	▁behave
4257	-12.137404	▁sweat
4258	-12.138165	▁discipline
4259	-12.139147	▁stream
4260	-12.139174	▁indoors
4261	-12.139174	▁precious
4262	-12.139212	▁cardio
4263	-12.139213	▁tiger
4264	-12.139251	▁unlike
4265	-12.139548	▁destiny
4266	-12.140085	▁ghost
4267	-12.140147	▁lined
4268	-12.140493	▁coaster
4269	-12.140925	▁sexy
4270	-12.141670	▁daniel
4271	-12.141973	▁sum
4272	-12.142753	▁performer
4273	-12.143304	▁noble
4274	-12.143650	insert
4275	-12.145385	▁complement
4276	-12.145385	▁folk
4277	-12.145388	▁gossip
4278	-12.145407	▁dean
4279	-12.145429	▁waking
4280	-12.146104	▁lab
4281	-12.146600	▁depth
4282	-12.146903	▁invested
4283	-12.148451	▁cooler
4284	-12.149638	▁fairly
4285	-12.150489	▁han
4286	-12.150495	▁dreaming
4287	-12.150804	10,000
4288	-12.150979	▁karl
4289	-12.151174	▁bitch
4290	-12.151635	▁hardworking
4291	-12.151635	▁michael
4292	-12.151635	▁petition
4293	-12.151635	▁promising
4294	-12.151635	▁thirty
4295	-12.151734	▁define
4296	-12.151953	▁dragons
4297	-12.153462	▁flowing
4298	-12.153673	▁cap
4299	-12.154016	▁kari
4300	-12.154237	ock
4301	-12.154257	okay
4302	-12.154475	▁kinda
4303	-12.154718	▁pep
4304	-12.155699	staffed
4305	-12.157140	▁kin
4306	-12.157924	▁retail
4307	-12.157925	▁airplane
4308	-12.157925	▁purple
4309	-12.157925	▁village
4310	-12.157928	▁weapon
4311	-12.157980	▁electricity
4312	-12.158083	▁rachel
4313	-12.158185	▁acceptable
4314	-12.158326	▁skip
4315	-12.158507	▁smartest
4316	-12.158752	▁jog
4317	-12.159806	▁speeding
4318	-12.160252	▁elli
4319	-12.163671	▁charm
4320	-12.163973	▁kael
4321	-12.164071	▁mc
4322	-12.164253	▁cereal
4323	-12.164253	▁grammar
4324	-12.164253	▁rumor
4325	-12.164253	▁virus
4326	-12.164254	▁disturb
4327	-12.164272	▁suspenseful
4328	-12.165708	thanks
4329	-12.165949	▁deadline
4330	-12.166914	▁warmer
4331	-12.168280	▁200
4332	-12.168739	▁scientists
4333	-12.169633	▁combine
4334	-12.169777	▁newest
4335	-12.170603	▁suspense
4336	-12.170623	▁delicate
4337	-12.170623	▁flattered
4338	-12.170623	▁luxury
4339	-12.170623	▁unnecessary
4340	-12.170624	▁upbeat
4341	-12.170690	▁proof
4342	-12.171585	▁clicked
4343	-12.172516	▁tal
4344	-12.173334	date
4345	-12.173351	▁val
4346	-12.174738	▁leon
4347	-12.174914	▁deer
4348	-12.174931	▁vin
4349	-12.177033	▁sunshine
4350	-12.177046	▁skate
4351	-12.177062	▁beginner
4352	-12.177068	▁laps
4353	-12.177087	▁swimmer
4354	-12.177145	▁fuel
4355	-12.177733	▁tub
4356	-12.178561	▁messes
4357	-12.180226	▁musical
4358	-12.180616	▁tyre
4359	-12.181114	iness
4360	-12.181343	head
4361	-12.181460	▁era
4362	-12.183442	▁kit
4363	-12.183485	▁ambitious
4364	-12.183485	▁bloom
4365	-12.183486	▁assigned
4366	-12.183518	▁textbook
4367	-12.183539	▁disney
4368	-12.189953	▁plug
4369	-12.189979	▁abstract
4370	-12.189979	▁browse
4371	-12.189979	▁hydrated
4372	-12.189979	▁international
4373	-12.189979	▁stroke
4374	-12.189980	▁diving
4375	-12.189988	▁among
4376	-12.190151	▁classroom
4377	-12.190191	▁indie
4378	-12.190472	▁roasted
4379	-12.190887	▁praying
4380	-12.191050	▁mid
4381	-12.191813	play
4382	-12.192834	▁def
4383	-12.192936	▁ur
4384	-12.193481	▁wave
4385	-12.194371	▁ye
4386	-12.195078	▁sites
4387	-12.196514	▁smiling
4388	-12.196517	▁protest
4389	-12.196529	▁digging
4390	-12.196547	▁scout
4391	-12.196556	▁invention
4392	-12.196573	▁belongings
4393	-12.196907	▁tolerate
4394	-12.198004	▁ouch
4395	-12.199705	just
4396	-12.201291	▁ela
4397	-12.202550	▁impress
4398	-12.203093	▁academic
4399	-12.203094	▁admiring
4400	-12.203094	▁caulfield
4401	-12.203094	▁depressing
4402	-12.203094	▁tasty
4403	-12.203095	▁google
4404	-12.203099	▁grip
4405	-12.203346	▁artwork
4406	-12.203602	▁alert
4407	-12.203839	▁kyle
4408	-12.205122	▁depend
4409	-12.205756	▁nerve
4410	-12.209582	▁tomato
4411	-12.209716	▁empowering
4412	-12.209716	▁investigating
4413	-12.209716	▁luggage
4414	-12.209716	▁netflix
4415	-12.209722	▁curve
4416	-12.209725	▁generate
4417	-12.209737	▁anime
4418	-12.209754	▁programming
4419	-12.209792	▁corn
4420	-12.210015	▁cord
4421	-12.210690	cle
4422	-12.211202	▁required
4423	-12.211408	▁eva
4424	-12.212121	▁landed
4425	-12.212450	▁adam
4426	-12.212586	▁pound
4427	-12.215253	read
4428	-12.216071	▁poems
4429	-12.216382	▁greek
4430	-12.216382	▁mexican
4431	-12.216382	▁privacy
4432	-12.216388	▁bucks
4433	-12.216403	▁flour
4434	-12.216408	▁blend
4435	-12.216409	▁chaos
4436	-12.216526	▁karate
4437	-12.216573	▁fra
4438	-12.218043	▁leaning
4439	-12.218644	▁santa
4440	-12.219201	▁mixed
4441	-12.219763	▁pipe
4442	-12.220977	▁emi
4443	-12.221014	▁balanced
4444	-12.222642	▁twist
4445	-12.223058	▁davi
4446	-12.223079	▁kami
4447	-12.223095	▁simon
4448	-12.223104	▁bmw
4449	-12.223861	▁chosen
4450	-12.224292	▁india
4451	-12.224425	place
4452	-12.225750	▁bud
4453	-12.227821	cho
4454	-12.228778	▁disappoint
4455	-12.229266	▁spell
4456	-12.229791	▁designing
4457	-12.229851	▁plastic
4458	-12.229851	▁soothing
4459	-12.229868	▁wildlife
4460	-12.229875	▁graceful
4461	-12.230039	▁speaker
4462	-12.230070	▁waitress
4463	-12.230098	▁warn
4464	-12.230197	▁wisely
4465	-12.230395	▁tons
4466	-12.230624	▁manner
4467	-12.230652	room
4468	-12.230851	▁brad
4469	-12.231345	▁director
4470	-12.232247	▁detailed
4471	-12.232904	ible
4472	-12.234156	▁fer
4473	-12.234650	ington
4474	-12.235094	▁rpgs
4475	-12.236218	▁spill
4476	-12.236433	▁relative
4477	-12.236653	▁employer
4478	-12.236772	▁bench
4479	-12.236777	▁severe
4480	-12.236813	▁chew
4481	-12.236993	▁handful
4482	-12.237325	▁maintenance
4483	-12.237604	▁chain
4484	-12.237631	▁upsetting
4485	-12.239445	▁lighten
4486	-12.239837	▁pulling
4487	-12.240911	▁lighter
4488	-12.240932	eat
4489	-12.243503	▁chemistry
4490	-12.243503	▁graduating
4491	-12.243503	▁intimate
4492	-12.243503	▁physics
4493	-12.243505	▁inherit
4494	-12.243520	▁notebook
4495	-12.243690	▁cluttered
4496	-12.244824	▁divided
4497	-12.245274	▁posted
4498	-12.245398	▁mommy
4499	-12.245706	▁released
4500	-12.245955	▁strangers
4501	-12.246235	▁comics
4502	-12.246420	▁drawer
4503	-12.246704	changing
4504	-12.246868	▁stu
4505	-12.247082	cl
4506	-12.250397	▁convert
4507	-12.250399	sufficient
4508	-12.250399	▁competing
4509	-12.250399	▁gambling
4510	-12.250399	▁miracle
4511	-12.250400	▁principle
4512	-12.250401	▁pedro
4513	-12.250422	▁arrangement
4514	-12.250624	▁jim
4515	-12.250887	▁tent
4516	-12.251519	ably
4517	-12.251774	▁roommates
4518	-12.252681	▁expression
4519	-12.252752	▁posting
4520	-12.253063	▁trainer
4521	-12.253650	crazy
4522	-12.254494	zo
4523	-12.256333	▁recycle
4524	-12.257343	▁incident
4525	-12.257343	▁internship
4526	-12.257343	▁thrift
4527	-12.257415	▁visitors
4528	-12.257457	▁judgement
4529	-12.257487	▁jones
4530	-12.257525	▁mode
4531	-12.257526	▁fellow
4532	-12.257852	▁floating
4533	-12.258845	▁prescribed
4534	-12.260631	defense
4535	-12.262549	▁practiced
4536	-12.262576	▁wire
4537	-12.263757	▁charged
4538	-12.264337	▁claustrophobic
4539	-12.264337	▁native
4540	-12.264337	▁tedious
4541	-12.264338	▁mysteries
4542	-12.264343	▁mindset
4543	-12.264361	▁sample
4544	-12.264367	▁journalist
4545	-12.264410	▁cafe
4546	-12.264563	▁roman
4547	-12.264753	▁closest
4548	-12.265934	▁bass
4549	-12.266185	paced
4550	-12.267282	▁tradition
4551	-12.267855	▁rae
4552	-12.269488	▁stuffed
4553	-12.271169	▁signing
4554	-12.271379	▁completing
4555	-12.271379	▁cushion
4556	-12.271379	▁portrait
4557	-12.271379	▁unpredictable
4558	-12.271382	▁upstate
4559	-12.271519	▁rug
4560	-12.271539	▁cabin
4561	-12.271605	▁interaction
4562	-12.272743	▁collected
4563	-12.273726	▁luci
4564	-12.273739	▁totaled
4565	-12.276466	sure
4566	-12.278004	▁perfection
4567	-12.278131	bar
4568	-12.278471	▁carpenter
4569	-12.278471	▁electronic
4570	-12.278471	▁tunnel
4571	-12.278471	▁venue
4572	-12.278492	▁resign
4573	-12.278498	▁entertainment
4574	-12.278512	▁scarf
4575	-12.278585	▁bound
4576	-12.279061	▁carefree
4577	-12.279181	▁wishes
4578	-12.282039	▁sci
4579	-12.282205	hold
4580	-12.282244	▁defense
4581	-12.283067	rse
4582	-12.284348	▁bones
4583	-12.285614	▁capturing
4584	-12.285614	▁glamorous
4585	-12.285614	▁suitcase
4586	-12.285614	▁tackle
4587	-12.285619	▁orbit
4588	-12.285744	▁paycheck
4589	-12.286174	▁aisle
4590	-12.286303	▁sweating
4591	-12.288557	▁fallen
4592	-12.289597	2,000
4593	-12.292394	▁kayle
4594	-12.292591	▁drag
4595	-12.292808	▁abroad
4596	-12.292808	▁chicago
4597	-12.292808	▁closing
4598	-12.292808	▁commendable
4599	-12.292808	▁flexibility
4600	-12.292808	▁pepperoni
4601	-12.292808	▁portfolio
4602	-12.292808	▁unbelievable
4603	-12.292809	▁central
4604	-12.292809	▁digital
4605	-12.292809	▁lungs
4606	-12.292830	▁ensure
4607	-12.292844	▁salmon
4608	-12.292922	▁dumb
4609	-12.292956	▁highlights
4610	-12.292959	▁moral
4611	-12.293190	▁broad
4612	-12.293345	▁sheet
4613	-12.293514	▁matches
4614	-12.294200	▁deck
4615	-12.294227	▁mae
4616	-12.294430	▁existing
4617	-12.296213	▁lisa
4618	-12.296817	▁judged
4619	-12.296831	▁carl
4620	-12.299026	▁anti
4621	-12.299989	▁hal
4622	-12.300034	▁flip
4623	-12.300055	▁august
4624	-12.300055	▁bogged
4625	-12.300055	▁female
4626	-12.300055	▁peanut
4627	-12.300055	▁saunders
4628	-12.300056	▁bestseller
4629	-12.300070	▁convey
4630	-12.300232	▁charlie
4631	-12.300262	▁wasted
4632	-12.300346	▁lex
4633	-12.300495	▁boil
4634	-12.300752	▁mow
4635	-12.300775	▁soaked
4636	-12.301029	▁delivered
4637	-12.301169	▁marcel
4638	-12.301429	▁honored
4639	-12.301513	▁tail
4640	-12.302068	▁playful
4641	-12.303758	▁melt
4642	-12.303871	▁increased
4643	-12.304695	▁importantly
4644	-12.305424	▁muscle
4645	-12.307354	▁boundaries
4646	-12.307354	▁clever
4647	-12.307354	▁detention
4648	-12.307354	▁invisible
4649	-12.307354	▁opposite
4650	-12.307354	▁veggie
4651	-12.307387	▁refuse
4652	-12.307549	▁shaking
4653	-12.307572	▁bow
4654	-12.307955	▁etc
4655	-12.308175	▁willingness
4656	-12.308401	▁bullying
4657	-12.308754	▁hired
4658	-12.309014	▁cave
4659	-12.310634	run
4660	-12.314257	▁scrap
4661	-12.314707	▁achieving
4662	-12.314707	▁biographies
4663	-12.314707	▁capital
4664	-12.314707	▁celebrating
4665	-12.314707	▁championship
4666	-12.314707	▁civic
4667	-12.314707	▁craziness
4668	-12.314707	▁criteria
4669	-12.314707	▁gravity
4670	-12.314707	▁subtract
4671	-12.314707	▁variable
4672	-12.314709	▁hammer
4673	-12.314711	▁disruptive
4674	-12.314713	▁instance
4675	-12.314725	▁ripped
4676	-12.314728	▁olive
4677	-12.314739	▁beatles
4678	-12.314760	▁twin
4679	-12.315017	▁elected
4680	-12.315979	▁lions
4681	-12.316024	▁coping
4682	-12.316913	▁evenly
4683	-12.318087	▁auto
4684	-12.321339	▁lane
4685	-12.321689	11
4686	-12.322029	▁quest
4687	-12.322114	▁circle
4688	-12.322114	▁clown
4689	-12.322114	▁cupcake
4690	-12.322114	▁mushroom
4691	-12.322114	▁nephew
4692	-12.322114	▁pillow
4693	-12.322114	▁promoting
4694	-12.322114	▁sketch
4695	-12.322114	▁sprained
4696	-12.322132	▁decorating
4697	-12.322152	▁knitting
4698	-12.322391	▁blessed
4699	-12.322604	▁spilled
4700	-12.322755	▁liar
4701	-12.322855	▁hahaha
4702	-12.323379	▁advanced
4703	-12.325125	▁coworker
4704	-12.325242	▁peter
4705	-12.327895	▁layer
4706	-12.328235	▁obstacles
4707	-12.328566	▁photograph
4708	-12.329131	▁arrest
4709	-12.329331	▁brian
4710	-12.329357	▁obvious
4711	-12.329576	▁council
4712	-12.329576	▁deciding
4713	-12.329576	▁episode
4714	-12.329576	▁fortune
4715	-12.329576	▁librarian
4716	-12.329576	▁mirror
4717	-12.329576	▁photosynthesis
4718	-12.329576	▁poverty
4719	-12.329576	▁swelling
4720	-12.329576	▁unknown
4721	-12.329598	▁worn
4722	-12.329608	▁possession
4723	-12.330078	▁photographer
4724	-12.330312	▁protection
4725	-12.330559	wan
4726	-12.330667	▁taller
4727	-12.331193	▁attacked
4728	-12.332667	▁attic
4729	-12.336088	▁recognize
4730	-12.337064	▁sexual
4731	-12.337095	▁suburbs
4732	-12.337096	▁instinct
4733	-12.337097	▁desert
4734	-12.337122	▁jimmy
4735	-12.337458	▁grilled
4736	-12.337678	▁refer
4737	-12.338448	▁spoken
4738	-12.338459	▁painter
4739	-12.338758	▁lion
4740	-12.338856	▁brighter
4741	-12.340631	▁fry
4742	-12.340708	▁antibiotics
4743	-12.341673	▁potentially
4744	-12.343668	▁guest
4745	-12.343929	▁trend
4746	-12.344671	▁balloon
4747	-12.344671	▁disgusting
4748	-12.344671	▁impulsive
4749	-12.344671	▁priorities
4750	-12.344671	▁protagonist
4751	-12.344718	▁brew
4752	-12.344923	▁curl
4753	-12.345798	▁travelling
4754	-12.345895	liana
4755	-12.346725	▁mint
4756	-12.348012	▁jesse
4757	-12.349848	▁strongly
4758	-12.349912	▁painted
4759	-12.350439	▁knit
4760	-12.350596	▁reached
4761	-12.350980	▁bugs
4762	-12.351476	▁researching
4763	-12.352245	▁arrivals
4764	-12.352304	▁exceed
4765	-12.352304	▁pancakes
4766	-12.352304	▁veterinarian
4767	-12.352305	▁command
4768	-12.352305	▁thursday
4769	-12.352352	▁soldier
4770	-12.352364	▁toilet
4771	-12.352916	▁accordingly
4772	-12.356275	▁bru
4773	-12.356907	▁lev
4774	-12.357270	▁intern
4775	-12.358922	▁entertain
4776	-12.358995	▁jon
4777	-12.359327	▁bun
4778	-12.359455	▁distract
4779	-12.359889	▁scan
4780	-12.359997	▁cuddle
4781	-12.359997	▁evolving
4782	-12.359997	▁stood
4783	-12.359999	▁reject
4784	-12.360018	▁trapped
4785	-12.360025	leaf
4786	-12.360359	▁nearest
4787	-12.361038	▁adopted
4788	-12.362552	▁beating
4789	-12.364245	▁shortly
4790	-12.364934	year
4791	-12.365982	▁amari
4792	-12.366246	▁giant
4793	-12.366553	▁sai
4794	-12.366649	▁cab
4795	-12.366834	▁valued
4796	-12.367154	▁slack
4797	-12.367697	▁interpret
4798	-12.367723	▁comments
4799	-12.367749	▁accessories
4800	-12.367749	▁bummer
4801	-12.367749	▁puppies
4802	-12.367749	▁spicy
4803	-12.367766	▁drill
4804	-12.367814	▁lightheaded
4805	-12.367848	▁jeff
4806	-12.367888	▁marie
4807	-12.367912	▁cramped
4808	-12.368065	▁mask
4809	-12.369018	▁disciplined
4810	-12.370411	▁slower
4811	-12.372108	▁dough
4812	-12.372282	cri
4813	-12.375202	▁fraction
4814	-12.375562	▁dabble
4815	-12.375562	▁disorder
4816	-12.375562	▁draft
4817	-12.375562	▁reckless
4818	-12.375562	▁signature
4819	-12.375569	▁lemonade
4820	-12.375589	▁curry
4821	-12.375619	▁sidewalk
4822	-12.375621	▁homesick
4823	-12.375633	▁honda
4824	-12.375723	▁stew
4825	-12.375962	▁susan
4826	-12.376121	▁tai
4827	-12.376587	▁complaints
4828	-12.380590	▁rainy
4829	-12.383407	▁snap
4830	-12.383435	▁commute
4831	-12.383435	▁comparison
4832	-12.383435	▁corporate
4833	-12.383435	▁gradually
4834	-12.383435	▁negotiate
4835	-12.383435	▁storage
4836	-12.383445	▁francisco
4837	-12.383482	▁consume
4838	-12.383497	▁leap
4839	-12.383526	▁wings
4840	-12.383547	▁lemon
4841	-12.384306	▁homemade
4842	-12.384829	▁booked
4843	-12.386662	▁raw
4844	-12.387412	▁deon
4845	-12.390885	▁temp
4846	-12.390982	▁grant
4847	-12.391151	▁thorough
4848	-12.391152	▁official
4849	-12.391238	▁sara
4850	-12.391372	▁enemies
4851	-12.391372	▁explode
4852	-12.391372	▁grief
4853	-12.391372	▁playground
4854	-12.391372	▁strawberry
4855	-12.391373	▁remote
4856	-12.391373	▁reset
4857	-12.391374	▁drown
4858	-12.391387	▁division
4859	-12.391406	▁unemployed
4860	-12.391411	▁cancelled
4861	-12.391447	▁shipment
4862	-12.391466	▁editor
4863	-12.391547	▁finn
4864	-12.391719	▁herbs
4865	-12.391759	▁accountable
4866	-12.391820	lock
4867	-12.392293	▁outsider
4868	-12.392347	▁zak
4869	-12.392995	▁melts
4870	-12.395742	mail
4871	-12.398777	▁scream
4872	-12.399193	▁britt
4873	-12.399211	▁egg
4874	-12.399340	▁spiritual
4875	-12.399343	▁compassion
4876	-12.399372	▁agenda
4877	-12.399372	▁overweight
4878	-12.399372	▁upgrade
4879	-12.399374	▁thrive
4880	-12.399376	▁litter
4881	-12.399378	▁debate
4882	-12.399382	▁skateboard
4883	-12.399426	▁obey
4884	-12.399436	▁brief
4885	-12.399689	▁label
4886	-12.400105	▁touched
4887	-12.400288	▁fourth
4888	-12.400359	▁bakery
4889	-12.402202	▁op
4890	-12.402817	▁rode
4891	-12.404191	▁gate
4892	-12.406975	▁surround
4893	-12.407436	▁amazon
4894	-12.407436	▁darling
4895	-12.407436	▁depressed
4896	-12.407436	▁galleries
4897	-12.407436	▁triangle
4898	-12.407437	▁hood
4899	-12.407470	▁dozen
4900	-12.407478	▁frequently
4901	-12.407491	▁robert
4902	-12.407794	▁darkness
4903	-12.408340	▁july
4904	-12.409542	▁hunger
4905	-12.410238	▁taxi
4906	-12.411757	luc
4907	-12.414144	▁tami
4908	-12.414973	▁float
4909	-12.415566	▁composition
4910	-12.415566	▁educate
4911	-12.415566	▁gallery
4912	-12.415566	▁located
4913	-12.415566	▁mashed
4914	-12.415566	▁pyramid
4915	-12.415566	▁worthwhile
4916	-12.415570	▁publisher
4917	-12.415578	▁propose
4918	-12.415578	▁resourceful
4919	-12.415592	▁navy
4920	-12.416087	▁stepping
4921	-12.417170	▁cleaner
4922	-12.419926	after
4923	-12.420131	▁tied
4924	-12.422482	▁poster
4925	-12.423207	▁eh
4926	-12.423763	▁addicted
4927	-12.423763	▁appetite
4928	-12.423763	▁babies
4929	-12.423763	▁barbecue
4930	-12.423763	▁confront
4931	-12.423763	▁mature
4932	-12.423763	▁negativity
4933	-12.423763	▁revenge
4934	-12.423763	▁thumb
4935	-12.423764	▁blew
4936	-12.423768	consuming
4937	-12.423768	▁fried
4938	-12.423769	▁inventory
4939	-12.423799	▁washington
4940	-12.423837	▁manual
4941	-12.424071	▁winner
4942	-12.424183	▁dani
4943	-12.424195	▁exception
4944	-12.424271	▁fu
4945	-12.424814	▁achieved
4946	-12.426222	▁shine
4947	-12.427398	▁dorm
4948	-12.427966	▁decor
4949	-12.428329	solving
4950	-12.429482	▁cage
4951	-12.431922	▁betray
4952	-12.432028	▁elegant
4953	-12.432028	▁firefighter
4954	-12.432028	▁irresponsible
4955	-12.432028	▁response
4956	-12.432028	▁stubborn
4957	-12.432028	▁toothbrush
4958	-12.432040	▁stove
4959	-12.432044	▁lamar
4960	-12.432074	▁cheerful
4961	-12.432351	▁mika
4962	-12.432360	▁suv
4963	-12.433251	▁chore
4964	-12.435342	▁formed
4965	-12.437774	▁hy
4966	-12.439322	▁encourage
4967	-12.439351	▁approve
4968	-12.440187	ever
4969	-12.440192	▁delay
4970	-12.440225	▁witness
4971	-12.440309	▁brook
4972	-12.440361	▁bounce
4973	-12.440361	▁craving
4974	-12.440361	▁gender
4975	-12.440361	▁jacob
4976	-12.440361	▁pathetic
4977	-12.440361	▁representative
4978	-12.440362	▁vomit
4979	-12.440363	▁grabbing
4980	-12.440390	▁chart
4981	-12.440391	▁tutorial
4982	-12.440479	▁zach
4983	-12.440544	▁punished
4984	-12.440723	▁william
4985	-12.442089	▁assure
4986	-12.442744	▁oldest
4987	-12.443107	▁xd
4988	-12.443971	▁julia
4989	-12.443979	▁lip
4990	-12.444048	▁touching
4991	-12.447766	sign
4992	-12.448264	▁destin
4993	-12.448360	▁install
4994	-12.448575	▁dash
4995	-12.448765	▁chord
4996	-12.448765	▁coupon
4997	-12.448765	▁harvard
4998	-12.448765	▁nursing
4999	-12.448769	▁strip
5000	-12.448775	▁below
5001	-12.448777	▁permit
5002	-12.448777	▁punishment
5003	-12.448778	▁begging
5004	-12.448811	▁fold
5005	-12.448824	▁harmful
5006	-12.448921	▁temple
5007	-12.449038	▁kart
5008	-12.449725	▁restless
5009	-12.449923	▁interrupting
5010	-12.449991	▁martin
5011	-12.450251	▁pattern
5012	-12.450685	▁rolling
5013	-12.450787	▁mainly
5014	-12.451762	▁kite
5015	-12.453612	▁bone
5016	-12.453728	some
5017	-12.456622	ching
5018	-12.456754	▁teenage
5019	-12.457239	▁breast
5020	-12.457239	▁circus
5021	-12.457239	▁convincing
5022	-12.457239	▁downstairs
5023	-12.457239	▁landlord
5024	-12.457239	▁suspect
5025	-12.457239	▁wisdom
5026	-12.457242	▁harsh
5027	-12.457335	▁legend
5028	-12.457340	▁royal
5029	-12.457419	▁flag
5030	-12.457647	▁consulting
5031	-12.459737	▁alley
5032	-12.459747	▁bug
5033	-12.460873	▁pic
5034	-12.461395	▁lightly
5035	-12.461953	▁inner
5036	-12.462068	▁planting
5037	-12.465721	▁edit
5038	-12.465767	▁disrespect
5039	-12.465786	coordinate
5040	-12.465786	▁blush
5041	-12.465786	▁monkey
5042	-12.465786	▁paradise
5043	-12.465786	▁shrimp
5044	-12.465786	▁worship
5045	-12.465788	▁freezing
5046	-12.465791	▁skirt
5047	-12.465793	▁threat
5048	-12.465794	▁blur
5049	-12.465813	▁antsy
5050	-12.466410	▁rick
5051	-12.467385	▁dip
5052	-12.469340	▁tab
5053	-12.469375	▁sue
5054	-12.474188	▁actual
5055	-12.474298	▁prop
5056	-12.474349	▁eric
5057	-12.474406	▁trans
5058	-12.474407	▁diagnosed
5059	-12.474407	▁fabulous
5060	-12.474407	▁jacque
5061	-12.474407	▁nonsense
5062	-12.474407	▁prank
5063	-12.474407	▁supply
5064	-12.474407	▁vulnerable
5065	-12.474408	▁hollywood
5066	-12.474420	▁carbon
5067	-12.474444	▁repay
5068	-12.474452	▁gaming
5069	-12.474474	▁pure
5070	-12.474674	▁invented
5071	-12.474776	▁childish
5072	-12.474974	ok
5073	-12.475036	▁deduct
5074	-12.475099	▁environmentally
5075	-12.475108	▁transported
5076	-12.475870	▁bowling
5077	-12.476113	vid
5078	-12.476241	▁scratched
5079	-12.478228	town
5080	-12.478918	▁bothered
5081	-12.479362	check
5082	-12.481506	▁eco
5083	-12.482491	cal
5084	-12.483068	▁submit
5085	-12.483103	▁corporation
5086	-12.483103	▁diverse
5087	-12.483103	▁investigate
5088	-12.483105	▁detective
5089	-12.483112	▁objective
5090	-12.483175	▁timmy
5091	-12.483179	▁ohio
5092	-12.483220	▁habitat
5093	-12.483442	▁highway
5094	-12.486863	▁kati
5095	-12.487262	▁quieter
5096	-12.487787	▁baked
5097	-12.488177	power
5098	-12.488250	based
5099	-12.488719	headed
5100	-12.491835	even
5101	-12.491875	▁appreciation
5102	-12.491875	▁assertive
5103	-12.491875	▁grandchildren
5104	-12.491875	▁oxygen
5105	-12.491875	▁region
5106	-12.491875	▁salinger
5107	-12.491875	▁surprising
5108	-12.491875	▁sword
5109	-12.491879	▁viola
5110	-12.491891	▁theories
5111	-12.491965	▁allowance
5112	-12.492085	▁cruel
5113	-12.492197	▁kyli
5114	-12.492362	▁tro
5115	-12.494477	▁scientist
5116	-12.497034	fish
5117	-12.497036	▁arch
5118	-12.498582	▁sur
5119	-12.499194	▁evan
5120	-12.499685	▁arrange
5121	-12.500504	▁permanent
5122	-12.500708	▁thai
5123	-12.500721	▁disrupt
5124	-12.500724	▁basket
5125	-12.500724	▁bullied
5126	-12.500724	▁casino
5127	-12.500724	▁champion
5128	-12.500724	▁gabriel
5129	-12.500724	▁strategic
5130	-12.500724	▁temporary
5131	-12.500731	▁convertible
5132	-12.500993	▁josh
5133	-12.501010	▁relatively
5134	-12.502407	▁canvas
5135	-12.503593	▁cigarette
5136	-12.508645	▁convince
5137	-12.509612	ization
5138	-12.509652	▁allergies
5139	-12.509652	▁athletic
5140	-12.509652	▁caribbean
5141	-12.509652	▁counseling
5142	-12.509652	▁elephant
5143	-12.509652	▁reschedule
5144	-12.509652	▁terrifying
5145	-12.509660	▁carried
5146	-12.509688	▁chopping
5147	-12.509697	▁crop
5148	-12.509714	▁jill
5149	-12.509823	▁canyon
5150	-12.509900	▁adoption
5151	-12.511322	▁signal
5152	-12.512283	▁demon
5153	-12.513137	▁thrown
5154	-12.513360	▁ruining
5155	-12.514709	▁cow
5156	-12.515548	looking
5157	-12.516213	▁sorted
5158	-12.517784	getter
5159	-12.517932	uction
5160	-12.518075	▁sav
5161	-12.518211	▁disconnect
5162	-12.518566	▁21
5163	-12.518658	▁blank
5164	-12.518661	▁colonists
5165	-12.518661	▁continent
5166	-12.518661	▁genius
5167	-12.518662	▁teammates
5168	-12.518663	▁sweep
5169	-12.518679	▁seattle
5170	-12.518687	▁cherry
5171	-12.518729	▁overhear
5172	-12.518789	▁typing
5173	-12.519196	▁strain
5174	-12.520346	▁earning
5175	-12.520821	they
5176	-12.520839	▁flown
5177	-12.520872	▁rib
5178	-12.522201	▁danced
5179	-12.522556	▁fur
5180	-12.522864	▁tho
5181	-12.526304	this
5182	-12.527753	▁discouraging
5183	-12.527753	▁luxurious
5184	-12.527753	▁productivity
5185	-12.527753	▁vehicle
5186	-12.527754	▁demetri
5187	-12.527756	▁entry
5188	-12.527761	▁elder
5189	-12.527764	▁kayaking
5190	-12.527766	▁omg
5191	-12.527777	▁bacon
5192	-12.527957	▁flirting
5193	-12.528022	▁realizing
5194	-12.528551	▁bedtime
5195	-12.528863	▁strongest
5196	-12.531853	▁fade
5197	-12.536926	▁resident
5198	-12.536926	▁sculpt
5199	-12.536927	▁buried
5200	-12.536927	▁colleagues
5201	-12.536927	▁enthusiasm
5202	-12.536927	▁illegal
5203	-12.536927	▁intriguing
5204	-12.536927	▁scott
5205	-12.536927	▁wrist
5206	-12.536928	▁technical
5207	-12.536939	▁reference
5208	-12.538214	▁lining
5209	-12.538388	look
5210	-12.538570	▁ireland
5211	-12.540483	▁funding
5212	-12.541193	meter
5213	-12.542369	did
5214	-12.544742	▁ban
5215	-12.545589	▁monitor
5216	-12.546185	▁hamburger
5217	-12.546186	▁cliff
5218	-12.546186	▁crossroads
5219	-12.546186	▁insecure
5220	-12.546186	▁pregnancy
5221	-12.546186	▁quilt
5222	-12.546186	▁unreasonable
5223	-12.546227	▁slavery
5224	-12.546277	▁harmless
5225	-12.546366	▁portion
5226	-12.546414	▁secretary
5227	-12.546637	▁consideration
5228	-12.546649	▁disconnected
5229	-12.547505	▁warmth
5230	-12.549027	▁bark
5231	-12.550760	▁borrowed
5232	-12.551840	school
5233	-12.553020	▁bang
5234	-12.553408	▁buyer
5235	-12.554549	▁openly
5236	-12.555099	▁grill
5237	-12.555532	▁bubble
5238	-12.555532	▁powder
5239	-12.555552	▁jogging
5240	-12.555563	▁skipping
5241	-12.555578	▁witch
5242	-12.555595	▁interpretation
5243	-12.555623	▁layout
5244	-12.555955	▁draining
5245	-12.556066	▁laughter
5246	-12.556096	▁associated
5247	-12.556490	▁anali
5248	-12.558070	field
5249	-12.558547	▁discovering
5250	-12.559912	▁element
5251	-12.564652	▁numb
5252	-12.564966	▁cheeseburger
5253	-12.564966	▁false
5254	-12.564966	▁inconsiderate
5255	-12.564966	▁unusual
5256	-12.564966	▁wizard
5257	-12.564972	▁iconic
5258	-12.564980	▁defeat
5259	-12.565052	▁skillset
5260	-12.565115	▁cents
5261	-12.565497	▁maid
5262	-12.566094	▁tighten
5263	-12.566529	▁climbed
5264	-12.566798	▁goodnight
5265	-12.568524	▁lookout
5266	-12.571656	▁rig
5267	-12.573023	▁pose
5268	-12.574490	▁authentic
5269	-12.574490	▁rhythm
5270	-12.574491	▁bryn
5271	-12.574493	▁drew
5272	-12.574528	▁programmer
5273	-12.574624	▁coward
5274	-12.574866	▁tin
5275	-12.574947	▁yup
5276	-12.575387	▁charming
5277	-12.575631	▁highest
5278	-12.575752	▁crashed
5279	-12.575867	▁difficulties
5280	-12.576411	ung
5281	-12.576660	▁cd
5282	-12.577744	rounded
5283	-12.578543	▁trained
5284	-12.579501	▁outdoor
5285	-12.584105	▁barista
5286	-12.584105	▁diversity
5287	-12.584105	▁jungle
5288	-12.584105	▁prestigious
5289	-12.584105	▁sluggish
5290	-12.584106	▁nasty
5291	-12.584107	▁midnight
5292	-12.584149	▁expressive
5293	-12.584170	▁disagreement
5294	-12.584179	▁shout
5295	-12.584449	▁terri
5296	-12.584635	▁dick
5297	-12.585363	▁awww
5298	-12.587474	star
5299	-12.587902	▁disappeared
5300	-12.591396	step
5301	-12.591507	▁pricey
5302	-12.591986	▁shaped
5303	-12.592698	▁mop
5304	-12.593814	provoking
5305	-12.593814	▁amazed
5306	-12.593814	▁captivating
5307	-12.593814	▁conduct
5308	-12.593814	▁download
5309	-12.593814	▁foremost
5310	-12.593814	▁swamped
5311	-12.593815	▁properties
5312	-12.593827	▁keon
5313	-12.593906	▁loop
5314	-12.593916	▁basement
5315	-12.594000	▁typically
5316	-12.594051	▁clay
5317	-12.594231	▁tick
5318	-12.594391	▁nuts
5319	-12.595105	▁madam
5320	-12.595178	▁kicking
5321	-12.596322	▁thriller
5322	-12.597017	▁bind
5323	-12.597459	▁sentimental
5324	-12.599385	▁motion
5325	-12.601259	▁explained
5326	-12.601437	▁deli
5327	-12.603583	▁egypt
5328	-12.603618	▁century
5329	-12.603618	▁fatigue
5330	-12.603618	▁gesture
5331	-12.603618	▁meditate
5332	-12.603618	▁occupied
5333	-12.603618	▁reducing
5334	-12.603618	▁spacious
5335	-12.603621	▁fireworks
5336	-12.603653	▁compassionate
5337	-12.603653	▁hatred
5338	-12.603741	▁grey
5339	-12.603867	▁nerd
5340	-12.603947	▁bride
5341	-12.605343	▁freeze
5342	-12.606773	▁backup
5343	-12.606885	▁gee
5344	-12.610496	print
5345	-12.613147	▁fav
5346	-12.613519	misunderstanding
5347	-12.613519	▁ibuprofen
5348	-12.613519	▁majesty
5349	-12.613519	▁miguel
5350	-12.613519	▁overreacting
5351	-12.613519	▁precaution
5352	-12.613519	▁proceed
5353	-12.613519	▁territory
5354	-12.613519	▁wardrobe
5355	-12.613520	▁buzz
5356	-12.613520	▁statue
5357	-12.613521	▁stephen
5358	-12.613524	▁pact
5359	-12.613542	▁playoffs
5360	-12.613544	▁comfortably
5361	-12.613677	▁plain
5362	-12.613793	▁officially
5363	-12.614056	▁delayed
5364	-12.614309	▁planner
5365	-12.614312	▁heels
5366	-12.614498	▁lens
5367	-12.614670	▁via
5368	-12.619843	▁sca
5369	-12.623082	▁operate
5370	-12.623519	▁flood
5371	-12.623519	▁fluffy
5372	-12.623519	▁invitation
5373	-12.623519	▁junior
5374	-12.623519	▁ladder
5375	-12.623519	▁nostalgic
5376	-12.623519	▁profile
5377	-12.623519	▁tuition
5378	-12.623521	▁mustang
5379	-12.623528	▁graci
5380	-12.623548	▁jovan
5381	-12.623559	▁mileage
5382	-12.623786	▁knowledgeable
5383	-12.624448	▁condo
5384	-12.624477	hole
5385	-12.624550	▁freaked
5386	-12.625100	▁limited
5387	-12.625645	▁kissed
5388	-12.626517	▁accomplishing
5389	-12.626753	▁damar
5390	-12.627805	▁ignored
5391	-12.628008	▁pumpkin
5392	-12.628425	▁stocking
5393	-12.629323	▁successfully
5394	-12.630107	water
5395	-12.630492	acti
5396	-12.632499	▁creamy
5397	-12.633619	wracking
5398	-12.633619	▁collapse
5399	-12.633619	▁fifteen
5400	-12.633619	▁global
5401	-12.633619	▁juggling
5402	-12.633619	▁overseas
5403	-12.633619	▁population
5404	-12.633620	▁entrepreneur
5405	-12.633620	▁privilege
5406	-12.633625	▁healthcare
5407	-12.633627	▁noisy
5408	-12.633668	▁intentionally
5409	-12.633670	▁tempting
5410	-12.633714	▁suspended
5411	-12.633789	▁busier
5412	-12.633841	▁diary
5413	-12.633987	▁skinny
5414	-12.634034	▁flash
5415	-12.634397	▁slacking
5416	-12.634506	▁germany
5417	-12.634773	▁arranged
5418	-12.635124	▁union
5419	-12.635455	▁suffered
5420	-12.637171	▁washed
5421	-12.637393	▁rebuild
5422	-12.638292	▁recommending
5423	-12.638708	▁para
5424	-12.640122	wood
5425	-12.641140	▁pond
5426	-12.643796	▁regard
5427	-12.643804	▁poison
5428	-12.643824	▁ancestors
5429	-12.643824	▁bulb
5430	-12.643824	▁colosseum
5431	-12.643824	▁contribution
5432	-12.643824	▁coughing
5433	-12.643824	▁fifth
5434	-12.643824	▁leather
5435	-12.643824	▁wavelength
5436	-12.643826	▁publishing
5437	-12.643992	▁coverage
5438	-12.643997	▁bold
5439	-12.644047	▁overthinking
5440	-12.644147	▁driveway
5441	-12.644203	▁brake
5442	-12.644695	▁gem
5443	-12.644770	cause
5444	-12.645376	▁shocked
5445	-12.646212	▁march
5446	-12.647080	ook
5447	-12.647269	▁stresses
5448	-12.647437	▁demar
5449	-12.647555	▁discovery
5450	-12.648218	▁texting
5451	-12.653913	▁unfortunate
5452	-12.654133	▁catholic
5453	-12.654133	▁gatsby
5454	-12.654133	▁membership
5455	-12.654133	▁preparation
5456	-12.654133	▁preserve
5457	-12.654133	▁throbbing
5458	-12.654133	▁volleyball
5459	-12.654133	▁yuan
5460	-12.654134	▁barrier
5461	-12.654140	▁trunk
5462	-12.654140	▁stink
5463	-12.654152	▁glue
5464	-12.654154	▁ceo
5465	-12.654167	▁assess
5466	-12.654239	▁mouse
5467	-12.655577	▁quote
5468	-12.656642	▁thesis
5469	-12.656676	bout
5470	-12.657433	▁reviewing
5471	-12.658579	▁hype
5472	-12.660483	▁withdraw
5473	-12.660623	▁cali
5474	-12.660832	together
5475	-12.661145	box
5476	-12.663240	▁brie
5477	-12.664458	▁select
5478	-12.664550	▁astronaut
5479	-12.664550	▁boutique
5480	-12.664550	▁dinosaurs
5481	-12.664550	▁millionaire
5482	-12.664550	▁receiving
5483	-12.664550	▁reserve
5484	-12.664550	▁turtle
5485	-12.664550	▁width
5486	-12.664551	▁khali
5487	-12.664551	▁stefan
5488	-12.664553	▁grabbed
5489	-12.664553	▁sedan
5490	-12.664713	▁dropping
5491	-12.665057	▁bomb
5492	-12.665236	▁michel
5493	-12.665398	▁sellers
5494	-12.665664	▁luke
5495	-12.666262	▁entering
5496	-12.666636	▁timing
5497	-12.666911	▁recording
5498	-12.667119	▁isabel
5499	-12.667590	▁nest
5500	-12.668746	▁pad
5501	-12.671380	cooked
5502	-12.671779	eight
5503	-12.671781	▁coral
5504	-12.675076	▁advisor
5505	-12.675076	▁analysis
5506	-12.675076	▁bicycle
5507	-12.675076	▁clerk
5508	-12.675076	▁district
5509	-12.675076	▁entail
5510	-12.675076	▁flew
5511	-12.675076	▁mortgage
5512	-12.675076	▁prescription
5513	-12.675076	▁terrified
5514	-12.675076	▁committee
5515	-12.675076	▁porch
5516	-12.675076	▁rectangle
5517	-12.675084	▁uncertainty
5518	-12.675094	▁transferred
5519	-12.675165	▁jenny
5520	-12.675189	▁jada
5521	-12.675484	▁setback
5522	-12.675723	▁scraped
5523	-12.676354	▁encouraged
5524	-12.677655	▁fate
5525	-12.678880	evin
5526	-12.680311	▁rushed
5527	-12.681679	law
5528	-12.682023	good
5529	-12.682024	shirt
5530	-12.685159	▁elect
5531	-12.685715	▁infrastructure
5532	-12.685715	▁olivia
5533	-12.685715	▁zelda
5534	-12.685721	▁initial
5535	-12.685751	▁egyptian
5536	-12.686119	▁salesman
5537	-12.686227	▁colorful
5538	-12.686442	▁gian
5539	-12.687943	▁interacting
5540	-12.690174	▁sadly
5541	-12.692383	▁forced
5542	-12.694330	▁stamp
5543	-12.694917	▁indian
5544	-12.695397	▁emili
5545	-12.695898	▁prince
5546	-12.696327	bag
5547	-12.696440	▁reception
5548	-12.696467	▁addicting
5549	-12.696467	▁believable
5550	-12.696467	▁buddies
5551	-12.696467	▁clover
5552	-12.696467	▁efficiency
5553	-12.696467	▁favourite
5554	-12.696467	▁insignificant
5555	-12.696467	▁molecules
5556	-12.696467	▁relation
5557	-12.696467	▁script
5558	-12.696469	▁align
5559	-12.696469	▁constructive
5560	-12.696473	▁cabinet
5561	-12.696475	▁flashlight
5562	-12.696478	▁alot
5563	-12.696478	▁terra
5564	-12.696487	▁steel
5565	-12.696505	▁horseback
5566	-12.696549	▁unsure
5567	-12.696693	▁knot
5568	-12.696896	▁functional
5569	-12.697290	▁deny
5570	-12.698244	rating
5571	-12.699588	▁pee
5572	-12.700188	▁touring
5573	-12.703565	writing
5574	-12.703574	quality
5575	-12.703601	walk
5576	-12.706359	▁dye
5577	-12.707118	▁exact
5578	-12.707336	▁amusement
5579	-12.707336	▁bartender
5580	-12.707336	▁behaving
5581	-12.707336	▁impatient
5582	-12.707336	▁incorporate
5583	-12.707336	▁michigan
5584	-12.707336	▁oasis
5585	-12.707336	▁olympic
5586	-12.707336	▁pandemic
5587	-12.707336	▁resolution
5588	-12.707336	▁retiring
5589	-12.707336	▁thrones
5590	-12.707338	▁martial
5591	-12.707340	▁jason
5592	-12.707340	▁zero
5593	-12.707344	▁pedal
5594	-12.707392	▁nonstop
5595	-12.707402	▁mckenzie
5596	-12.707584	▁equality
5597	-12.707652	▁brick
5598	-12.708957	▁gained
5599	-12.709203	▁freshman
5600	-12.710361	▁suited
5601	-12.716529	▁belief
5602	-12.718326	▁approval
5603	-12.718326	▁cuddly
5604	-12.718326	▁entrance
5605	-12.718326	▁jasper
5606	-12.718326	▁observation
5607	-12.718326	▁observing
5608	-12.718326	▁october
5609	-12.718326	▁reconnect
5610	-12.718326	▁warrior
5611	-12.718336	▁crew
5612	-12.718362	▁subway
5613	-12.718373	▁disappointment
5614	-12.718419	▁adrian
5615	-12.718439	▁replacement
5616	-12.718606	▁moist
5617	-12.719145	▁screaming
5618	-12.719501	▁wandering
5619	-12.719557	▁rental
5620	-12.721001	▁swinging
5621	-12.721161	▁trailer
5622	-12.723921	▁impacting
5623	-12.724345	100,000
5624	-12.728523	notch
5625	-12.729395	▁graph
5626	-12.729437	▁elevator
5627	-12.729437	▁exposed
5628	-12.729437	▁forgiving
5629	-12.729437	▁occur
5630	-12.729437	▁palace
5631	-12.729437	▁preoccupied
5632	-12.729437	▁vintage
5633	-12.729438	▁gamble
5634	-12.729438	▁georgia
5635	-12.729443	▁reveal
5636	-12.729451	▁nathan
5637	-12.729453	▁mentor
5638	-12.729609	▁maxim
5639	-12.729815	▁regretting
5640	-12.729950	▁household
5641	-12.730256	▁effortless
5642	-12.730898	▁responding
5643	-12.734722	▁frankly
5644	-12.737180	watch
5645	-12.738753	fry
5646	-12.739639	away
5647	-12.739668	▁determine
5648	-12.740241	▁sid
5649	-12.740673	▁beijing
5650	-12.740673	▁blake
5651	-12.740673	▁calories
5652	-12.740673	▁charles
5653	-12.740673	▁declutter
5654	-12.740673	▁eliminate
5655	-12.740673	▁mundane
5656	-12.740673	▁renaissance
5657	-12.740673	▁suffocating
5658	-12.740681	▁crystal
5659	-12.740743	▁stitches
5660	-12.740788	▁spray
5661	-12.741129	▁significantly
5662	-12.741147	▁unpacking
5663	-12.741181	▁neglecting
5664	-12.743372	war
5665	-12.745310	▁jona
5666	-12.746402	▁viv
5667	-12.746484	▁struggled
5668	-12.747025	▁wondered
5669	-12.749391	▁peel
5670	-12.751576	▁jamal
5671	-12.752036	▁accused
5672	-12.752036	▁cotton
5673	-12.752036	▁louis
5674	-12.752036	▁noodle
5675	-12.752036	▁politician
5676	-12.752036	▁ufo
5677	-12.752050	▁enthusiastic
5678	-12.752123	▁shiny
5679	-12.752167	▁footage
5680	-12.752339	▁countryside
5681	-12.752648	▁installed
5682	-12.752743	▁melted
5683	-12.752963	▁ew
5684	-12.753014	▁tale
5685	-12.753676	▁feeding
5686	-12.756709	▁leo
5687	-12.759760	long
5688	-12.763008	▁steve
5689	-12.763310	▁typical
5690	-12.763531	▁attorney
5691	-12.763531	▁drank
5692	-12.763531	▁heritage
5693	-12.763531	▁mockingbird
5694	-12.763531	▁prioritize
5695	-12.763531	▁sophomore
5696	-12.763531	▁tongue
5697	-12.763531	▁uniform
5698	-12.763532	▁compost
5699	-12.763532	▁leash
5700	-12.763532	▁wolf
5701	-12.763533	▁requirements
5702	-12.763533	▁status
5703	-12.763535	▁java
5704	-12.763542	▁wheat
5705	-12.763543	▁funeral
5706	-12.763554	▁bryan
5707	-12.763564	▁jace
5708	-12.763588	▁advancement
5709	-12.763675	▁marsha
5710	-12.764074	wise
5711	-12.764333	▁editing
5712	-12.764876	▁chilly
5713	-12.764894	▁largest
5714	-12.765503	▁existed
5715	-12.768370	▁joan
5716	-12.768453	▁returned
5717	-12.770119	▁modeling
5718	-12.775159	▁convicted
5719	-12.775159	▁diploma
5720	-12.775159	▁durable
5721	-12.775159	▁earthquake
5722	-12.775159	▁essence
5723	-12.775159	▁examination
5724	-12.775159	▁invigorating
5725	-12.775160	▁floss
5726	-12.775160	▁vital
5727	-12.775161	▁duties
5728	-12.775334	▁zip
5729	-12.775635	▁powerless
5730	-12.776171	▁locker
5731	-12.776462	▁holy
5732	-12.776529	▁cable
5733	-12.777363	▁reminded
5734	-12.780312	▁cole
5735	-12.781687	▁mixing
5736	-12.786752	▁vegetable
5737	-12.786923	▁bullet
5738	-12.786923	▁commission
5739	-12.786923	▁concentration
5740	-12.786923	▁drastic
5741	-12.786923	▁enemy
5742	-12.786923	▁execute
5743	-12.786923	▁financing
5744	-12.786923	▁humid
5745	-12.786923	▁journalism
5746	-12.786923	▁obsessed
5747	-12.786926	▁survey
5748	-12.786962	▁highlight
5749	-12.786973	▁aspiring
5750	-12.786983	▁knight
5751	-12.787019	▁slim
5752	-12.787021	▁valley
5753	-12.787119	▁scent
5754	-12.787216	▁permanently
5755	-12.787614	▁hospitality
5756	-12.787698	▁sadness
5757	-12.787783	▁urge
5758	-12.788500	▁controlling
5759	-12.789097	▁influenced
5760	-12.798236	▁drift
5761	-12.798828	▁addictive
5762	-12.798828	▁broccoli
5763	-12.798828	▁celest
5764	-12.798828	▁charities
5765	-12.798828	▁clumsy
5766	-12.798828	▁coincidence
5767	-12.798828	▁contagious
5768	-12.798828	▁convenience
5769	-12.798828	▁harmony
5770	-12.798828	▁infinite
5771	-12.798828	▁knack
5772	-12.798828	▁rainforest
5773	-12.798828	▁sandcastle
5774	-12.798828	▁september
5775	-12.798828	▁smash
5776	-12.798828	▁snorkeling
5777	-12.798828	▁supervisor
5778	-12.798831	▁mount
5779	-12.798878	▁comment
5780	-12.798882	▁streamline
5781	-12.798889	▁jaci
5782	-12.798906	▁decline
5783	-12.798982	▁halfway
5784	-12.799010	▁gang
5785	-12.799014	▁skype
5786	-12.799259	▁forgiveness
5787	-12.799301	▁rebel
5788	-12.799500	▁lent
5789	-12.799713	▁pumped
5790	-12.799977	▁coke
5791	-12.800510	▁lace
5792	-12.800568	▁recycled
5793	-12.800687	▁fucked
5794	-12.800724	▁combined
5795	-12.802248	▁attacking
5796	-12.802912	▁loosen
5797	-12.803370	▁filming
5798	-12.804015	▁introduced
5799	-12.805935	▁relying
5800	-12.806905	other
5801	-12.808061	▁checkup
5802	-12.808466	▁rail
5803	-12.810436	▁bless
5804	-12.810876	ification
5805	-12.810876	▁dishwasher
5806	-12.810876	▁obligations
5807	-12.810876	▁prospect
5808	-12.810876	▁recognition
5809	-12.810876	▁sermon
5810	-12.810876	▁universal
5811	-12.810877	▁blade
5812	-12.810877	▁shampoo
5813	-12.810878	▁sleek
5814	-12.810888	▁worm
5815	-12.811072	▁shark
5816	-12.811699	▁zari
5817	-12.812301	▁educational
5818	-12.813532	▁skilled
5819	-12.813560	rich
5820	-12.814274	▁scratching
5821	-12.814441	ograph
5822	-12.814596	▁worthless
5823	-12.814787	▁creatively
5824	-12.815880	oid
5825	-12.816209	▁tee
5826	-12.816864	▁acted
5827	-12.820785	▁heated
5828	-12.821772	▁wage
5829	-12.823061	publish
5830	-12.823071	▁autumn
5831	-12.823071	▁brazil
5832	-12.823071	▁caffeine
5833	-12.823071	▁definition
5834	-12.823071	▁heartbreaking
5835	-12.823071	▁injustice
5836	-12.823076	▁shortcut
5837	-12.823077	▁melody
5838	-12.823080	▁greet
5839	-12.823141	▁sofia
5840	-12.823210	▁bushes
5841	-12.823258	▁tuck
5842	-12.823294	▁bearable
5843	-12.823302	▁itchy
5844	-12.823478	▁zoe
5845	-12.823598	▁rag
5846	-12.823662	▁mitch
5847	-12.823963	▁jenna
5848	-12.831717	developed
5849	-12.831723	world
5850	-12.834027	▁nation
5851	-12.834350	rise
5852	-12.834804	▁consult
5853	-12.835417	▁amenities
5854	-12.835417	▁celebrity
5855	-12.835417	▁dehydrated
5856	-12.835417	▁destruction
5857	-12.835417	▁homebody
5858	-12.835417	▁mcdonald
5859	-12.835417	▁navigate
5860	-12.835417	▁orchestra
5861	-12.835417	▁spontaneous
5862	-12.835417	▁thanksgiving
5863	-12.835417	▁vocal
5864	-12.835419	▁pissed
5865	-12.835443	▁thailand
5866	-12.835450	▁western
5867	-12.835471	▁percent
5868	-12.835509	▁nonfiction
5869	-12.835536	▁niche
5870	-12.835560	▁delete
5871	-12.836433	▁stake
5872	-12.836462	▁maple
5873	-12.836510	▁spelling
5874	-12.837365	▁tender
5875	-12.837818	▁alon
5876	-12.837873	▁abuse
5877	-12.838840	part
5878	-12.839103	▁mayor
5879	-12.839319	▁farming
5880	-12.840771	▁juan
5881	-12.841378	▁landing
5882	-12.842451	▁hayle
5883	-12.847863	employed
5884	-12.847908	▁psych
5885	-12.847917	▁alphabet
5886	-12.847917	▁ambition
5887	-12.847917	▁blonde
5888	-12.847917	▁diaper
5889	-12.847917	▁galaxy
5890	-12.847917	▁louvre
5891	-12.847917	▁medieval
5892	-12.847917	▁meditating
5893	-12.847917	▁punk
5894	-12.847917	▁vibe
5895	-12.847918	establish
5896	-12.847918	▁absorb
5897	-12.847918	▁polish
5898	-12.847918	▁spiral
5899	-12.847919	▁grain
5900	-12.847960	▁existence
5901	-12.847992	▁stressors
5902	-12.848200	▁truthful
5903	-12.849055	ologist
5904	-12.849156	▁dent
5905	-12.850374	▁electrical
5906	-12.850945	▁discussed
5907	-12.851535	▁addressed
5908	-12.852899	oooo
5909	-12.853024	▁zen
5910	-12.853820	▁critic
5911	-12.854981	▁kaya
5912	-12.855327	fine
5913	-12.857057	face
5914	-12.858693	takes
5915	-12.859532	▁embarrass
5916	-12.860355	▁extreme
5917	-12.860575	▁crispy
5918	-12.860575	▁december
5919	-12.860575	▁jessica
5920	-12.860575	▁stumble
5921	-12.860575	▁undertaking
5922	-12.860576	▁filter
5923	-12.860579	▁relive
5924	-12.860621	▁outdone
5925	-12.860667	▁insult
5926	-12.860740	▁brooklyn
5927	-12.860929	▁extended
5928	-12.861132	▁humanity
5929	-12.861468	▁christie
5930	-12.861786	▁registered
5931	-12.862477	▁greg
5932	-12.864676	▁workplace
5933	-12.868950	hearted
5934	-12.873186	▁instant
5935	-12.873396	▁butterfly
5936	-12.873396	▁hurricane
5937	-12.873396	▁karaoke
5938	-12.873396	▁lettuce
5939	-12.873396	▁mechanism
5940	-12.873396	▁overview
5941	-12.873396	▁reunion
5942	-12.873396	▁straightforward
5943	-12.873396	▁transaction
5944	-12.873396	▁trilogy
5945	-12.873397	▁minimum
5946	-12.873399	▁grape
5947	-12.873411	▁camry
5948	-12.873438	▁downsizing
5949	-12.873438	▁urgent
5950	-12.873448	▁curse
5951	-12.873497	▁christianity
5952	-12.873513	▁kevin
5953	-12.873576	▁competent
5954	-12.873598	▁exhibition
5955	-12.873905	▁milan
5956	-12.874075	▁inches
5957	-12.874150	▁presentable
5958	-12.876778	▁onions
5959	-12.881074	turn
5960	-12.884298	dog
5961	-12.886271	▁judgment
5962	-12.886383	▁announce
5963	-12.886383	▁exposure
5964	-12.886383	▁resilient
5965	-12.886383	▁retake
5966	-12.886383	▁stranded
5967	-12.886383	▁symphony
5968	-12.886385	▁cartoon
5969	-12.886394	▁comedian
5970	-12.886414	▁troop
5971	-12.886423	▁foster
5972	-12.886514	▁waterfall
5973	-12.886675	▁warranty
5974	-12.886707	▁johan
5975	-12.886823	▁jury
5976	-12.886869	▁punches
5977	-12.887339	▁teamwork
5978	-12.887735	▁airline
5979	-12.887812	▁passes
5980	-12.888071	▁blown
5981	-12.888578	▁downside
5982	-12.888737	▁expense
5983	-12.889049	▁chris
5984	-12.898945	▁neglect
5985	-12.898947	▁drain
5986	-12.899534	▁multi
5987	-12.899540	▁hairstyle
5988	-12.899540	▁rainbow
5989	-12.899541	▁cinema
5990	-12.899541	▁democracy
5991	-12.899541	▁diabetes
5992	-12.899541	▁entitled
5993	-12.899541	▁festive
5994	-12.899541	▁forecast
5995	-12.899541	▁harvest
5996	-12.899541	▁offensive
5997	-12.899541	▁participating
5998	-12.899541	▁perfume
5999	-12.899541	▁phrase
6000	-12.899541	▁scientific
6001	-12.899541	▁violet
6002	-12.899541	▁vodka
6003	-12.899541	▁volume
6004	-12.899541	▁wilderness
6005	-12.899543	▁enroll
6006	-12.899543	▁quiz
6007	-12.899607	▁abc
6008	-12.899622	▁parade
6009	-12.899627	▁shipping
6010	-12.899736	▁stack
6011	-12.900144	▁panel
6012	-12.900200	▁drifting
6013	-12.900259	▁fuckin
6014	-12.900514	▁dumped
6015	-12.901509	-12
6016	-12.902259	▁feature
6017	-12.902871	▁beaten
6018	-12.905822	▁sch
6019	-12.912366	▁guilt
6020	-12.912874	▁certificate
6021	-12.912874	▁corrupt
6022	-12.912874	▁housing
6023	-12.912874	▁intrude
6024	-12.912874	▁leisure
6025	-12.912874	▁liberty
6026	-12.912874	▁mobile
6027	-12.912874	▁password
6028	-12.912874	▁puddle
6029	-12.912874	▁reef
6030	-12.912874	▁sasha
6031	-12.912874	▁sunbathing
6032	-12.912874	▁taylor
6033	-12.912874	▁vampire
6034	-12.912875	▁barbie
6035	-12.912877	▁jeremy
6036	-12.912878	▁patrol
6037	-12.912882	▁ginger
6038	-12.912888	▁loyalty
6039	-12.912909	▁snapping
6040	-12.912917	▁tele
6041	-12.912941	▁dread
6042	-12.912942	▁sexuality
6043	-12.912951	▁bobby
6044	-12.912957	▁mild
6045	-12.912966	▁predictable
6046	-12.913145	▁restroom
6047	-12.913202	▁sleepover
6048	-12.913208	▁robbery
6049	-12.913254	▁poop
6050	-12.913726	▁exit
6051	-12.913774	▁twisted
6052	-12.913986	▁sweaty
6053	-12.914908	▁sweetness
6054	-12.915040	▁bush
6055	-12.915442	▁halo
6056	-12.915935	▁generation
6057	-12.916050	▁performed
6058	-12.922696	why
6059	-12.922714	guess
6060	-12.925155	rested
6061	-12.925882	▁creep
6062	-12.926281	▁origin
6063	-12.926388	▁alaska
6064	-12.926388	▁competitor
6065	-12.926388	▁crochet
6066	-12.926388	▁devastated
6067	-12.926388	▁frozen
6068	-12.926388	▁quantum
6069	-12.926388	▁shovel
6070	-12.926388	▁snowboarding
6071	-12.926388	▁sturdy
6072	-12.926388	▁tissue
6073	-12.926388	▁vocabulary
6074	-12.926391	▁dairy
6075	-12.926391	▁rising
6076	-12.926398	▁proofread
6077	-12.926431	▁antique
6078	-12.926432	▁insightful
6079	-12.926498	▁collar
6080	-12.926515	▁foolish
6081	-12.926550	▁rally
6082	-12.926612	▁leigh
6083	-12.926725	▁000
6084	-12.926872	▁russian
6085	-12.927024	▁bait
6086	-12.927981	your
6087	-12.928034	▁approved
6088	-12.929203	▁bathing
6089	-12.929543	▁brushing
6090	-12.929827	▁resource
6091	-12.936533	playing
6092	-12.936946	▁comb
6093	-12.939594	▁russia
6094	-12.939876	▁fluent
6095	-12.940086	▁britain
6096	-12.940086	▁cooperate
6097	-12.940086	▁employment
6098	-12.940086	▁endurance
6099	-12.940086	▁expertise
6100	-12.940086	▁helmet
6101	-12.940086	▁kendrick
6102	-12.940086	▁minerals
6103	-12.940086	▁misplaced
6104	-12.940086	▁passenger
6105	-12.940086	▁principal
6106	-12.940086	▁robbed
6107	-12.940086	▁squirrel
6108	-12.940086	▁suffocated
6109	-12.940086	▁temptation
6110	-12.940086	▁thief
6111	-12.940087	▁grasp
6112	-12.940087	▁tesla
6113	-12.940088	▁steep
6114	-12.940089	▁natali
6115	-12.940092	▁ferris
6116	-12.940092	▁scrub
6117	-12.940141	▁kolt
6118	-12.940183	▁sunrise
6119	-12.940207	▁batman
6120	-12.940216	▁dining
6121	-12.940346	▁admitting
6122	-12.940481	▁mister
6123	-12.940735	▁june
6124	-12.940887	▁poet
6125	-12.940894	▁entertained
6126	-12.941162	▁forgetful
6127	-12.941185	▁ranch
6128	-12.941558	▁poorly
6129	-12.942049	▁hunter
6130	-12.942977	▁seren
6131	-12.946390	▁internal
6132	-12.948286	centered
6133	-12.949027	cher
6134	-12.950279	efficient
6135	-12.950283	flow
6136	-12.951318	ular
6137	-12.952939	▁engage
6138	-12.953932	▁sustain
6139	-12.953975	▁caesar
6140	-12.953975	▁cafeteria
6141	-12.953975	▁carnival
6142	-12.953975	▁ceiling
6143	-12.953975	▁dealership
6144	-12.953975	▁evolve
6145	-12.953975	▁monotonous
6146	-12.953975	▁porsche
6147	-12.953975	▁rehearsal
6148	-12.953975	▁slightly
6149	-12.953975	▁starbucks
6150	-12.953975	▁technologies
6151	-12.953975	▁thriving
6152	-12.953975	▁transform
6153	-12.953975	▁venice
6154	-12.953975	▁wrestling
6155	-12.953975	▁xavi
6156	-12.953976	▁dolphin
6157	-12.953977	▁seatbelt
6158	-12.953988	▁rational
6159	-12.953994	▁keen
6160	-12.954005	▁engagement
6161	-12.954173	▁diner
6162	-12.954371	▁branches
6163	-12.954664	▁fashionable
6164	-12.954852	▁achievement
6165	-12.955141	▁clearance
6166	-12.958455	▁shane
6167	-12.962350	▁finalize
6168	-12.967463	▁unpack
6169	-12.968060	▁algebra
6170	-12.968060	▁artifact
6171	-12.968060	▁babysitter
6172	-12.968060	▁bachelor
6173	-12.968060	▁bacteria
6174	-12.968060	▁blouse
6175	-12.968060	▁brilliant
6176	-12.968060	▁calculate
6177	-12.968060	▁collaborate
6178	-12.968060	▁elsewhere
6179	-12.968060	▁exclusive
6180	-12.968060	▁misunderstood
6181	-12.968060	▁podcast
6182	-12.968060	▁shakespeare
6183	-12.968060	▁shepherd
6184	-12.968060	▁speck
6185	-12.968060	▁unfold
6186	-12.968060	▁visa
6187	-12.968060	▁yankees
6188	-12.968060	▁daydream
6189	-12.968060	▁goddess
6190	-12.968061	▁burst
6191	-12.968069	▁creation
6192	-12.968080	▁gwen
6193	-12.968096	▁clinic
6194	-12.968098	▁fraud
6195	-12.968102	▁kilo
6196	-12.968105	▁vegas
6197	-12.968281	▁logically
6198	-12.968286	▁fluently
6199	-12.968345	▁sunburned
6200	-12.968369	▁diego
6201	-12.968765	▁steven
6202	-12.968970	▁monitoring
6203	-12.969164	▁romeo
6204	-12.970496	▁veg
6205	-12.974551	▁loren
6206	-12.982345	▁deploy
6207	-12.982346	▁appliances
6208	-12.982346	▁april
6209	-12.982346	▁cheddar
6210	-12.982346	▁delegate
6211	-12.982346	▁dishonest
6212	-12.982346	▁fragile
6213	-12.982346	▁investigation
6214	-12.982346	▁revenue
6215	-12.982346	▁sensation
6216	-12.982346	▁treadmill
6217	-12.982346	▁twelve
6218	-12.982346	▁uneasy
6219	-12.982347	▁confess
6220	-12.982347	▁teddy
6221	-12.982381	▁receptionist
6222	-12.982383	▁salsa
6223	-12.982406	▁vice
6224	-12.982430	▁jeremi
6225	-12.982564	▁luis
6226	-12.982697	▁brittan
6227	-12.982770	▁tide
6228	-12.982805	▁midst
6229	-12.982806	▁rusty
6230	-12.982896	▁salon
6231	-12.982897	▁crust
6232	-12.983015	▁aubri
6233	-12.983064	▁speeches
6234	-12.984200	▁theatre
6235	-12.986254	▁err
6236	-12.993244	making
6237	-12.996838	ville
6238	-12.996838	▁panicked
6239	-12.996838	▁probation
6240	-12.996838	▁registration
6241	-12.996838	▁sacrificing
6242	-12.996838	▁scenario
6243	-12.996838	▁squeeze
6244	-12.996838	▁unlucky
6245	-12.996838	▁wilkinson
6246	-12.996839	▁dismiss
6247	-12.996839	▁thomas
6248	-12.996848	▁kitty
6249	-12.996849	▁henry
6250	-12.996853	▁invent
6251	-12.996856	▁brutal
6252	-12.997063	▁tailor
6253	-12.997087	▁authority
6254	-12.997468	▁darn
6255	-12.997746	▁damon
6256	-13.007728	▁wipe
6257	-13.008146	▁perk
6258	-13.011544	▁aquarium
6259	-13.011544	▁calendar
6260	-13.011544	▁criticism
6261	-13.011544	▁denominator
6262	-13.011544	▁fracture
6263	-13.011544	▁outstanding
6264	-13.011544	▁swimsuit
6265	-13.011557	▁vincent
6266	-13.011567	▁berlin
6267	-13.011593	▁trey
6268	-13.012232	▁auntie
6269	-13.012700	▁afterlife
6270	-13.012873	▁hack
6271	-13.013821	maker
6272	-13.015719	▁alice
6273	-13.019719	▁esha
6274	-13.022774	boyfriend
6275	-13.023915	still
6276	-13.025002	120
6277	-13.025050	▁examine
6278	-13.026196	position
6279	-13.026380	▁logical
6280	-13.026430	▁slave
6281	-13.026469	▁instagram
6282	-13.026469	▁mysterious
6283	-13.026469	▁nutritious
6284	-13.026469	▁rejuvenate
6285	-13.026469	▁shoplifting
6286	-13.026469	▁trustworthy
6287	-13.026470	▁offended
6288	-13.026470	▁southern
6289	-13.026472	▁crunch
6290	-13.026521	▁asshole
6291	-13.026592	▁hoop
6292	-13.026628	▁withdrawal
6293	-13.026633	▁spotlight
6294	-13.026643	▁horn
6295	-13.026656	▁keyboard
6296	-13.026698	▁filing
6297	-13.026725	▁richard
6298	-13.026770	▁jackson
6299	-13.026886	▁thoroughly
6300	-13.027133	▁phil
6301	-13.027251	▁controlled
6302	-13.027450	▁accurately
6303	-13.030539	▁201
6304	-13.036185	▁dame
6305	-13.037925	minute
6306	-13.037928	everything
6307	-13.040959	▁tru
6308	-13.041620	▁accommodate
6309	-13.041620	▁concise
6310	-13.041620	▁curb
6311	-13.041620	▁frisbee
6312	-13.041620	▁mckenna
6313	-13.041620	▁oatmeal
6314	-13.041620	▁outweigh
6315	-13.041620	▁particles
6316	-13.041621	▁autograph
6317	-13.041621	▁chloe
6318	-13.041621	▁regulation
6319	-13.041621	▁rival
6320	-13.041622	▁overcoming
6321	-13.041622	▁vivid
6322	-13.041627	▁impose
6323	-13.041628	▁onstage
6324	-13.041646	▁amanda
6325	-13.041765	▁chante
6326	-13.041921	▁mold
6327	-13.041942	▁scattered
6328	-13.041968	▁intrigued
6329	-13.042001	▁ethical
6330	-13.045506	▁daria
6331	-13.053695	00,000
6332	-13.057004	▁snug
6333	-13.057005	▁cultural
6334	-13.057005	▁flesh
6335	-13.057005	▁groove
6336	-13.057005	▁heartwarming
6337	-13.057005	▁honeymoon
6338	-13.057005	▁infected
6339	-13.057005	▁kansas
6340	-13.057005	▁marshmallows
6341	-13.057005	▁retrace
6342	-13.057005	▁statistics
6343	-13.057005	▁strenuous
6344	-13.057005	▁tolkien
6345	-13.057005	▁toyota
6346	-13.057006	▁celebration
6347	-13.057006	▁precise
6348	-13.057007	▁jordan
6349	-13.057008	▁stroll
6350	-13.057014	▁nausea
6351	-13.057020	▁immerse
6352	-13.057033	▁broadway
6353	-13.057038	▁footprint
6354	-13.057047	▁justify
6355	-13.057060	▁joseph
6356	-13.057197	▁pub
6357	-13.057227	▁dj
6358	-13.057331	▁iowa
6359	-13.057773	▁hangover
6360	-13.057897	▁kayli
6361	-13.058112	▁fuss
6362	-13.058147	▁wider
6363	-13.058211	▁affection
6364	-13.058290	▁criticize
6365	-13.059206	▁haze
6366	-13.059380	▁nicole
6367	-13.063452	▁gel
6368	-13.064366	▁creature
6369	-13.069173	kind
6370	-13.072630	▁celebrities
6371	-13.072630	▁dynamic
6372	-13.072630	▁extension
6373	-13.072630	▁intricate
6374	-13.072630	▁lobster
6375	-13.072630	▁rural
6376	-13.072630	▁scoring
6377	-13.072630	▁shattered
6378	-13.072630	▁strawberries
6379	-13.072630	▁telephone
6380	-13.072630	▁treading
6381	-13.072630	▁vigilant
6382	-13.072630	▁woodworking
6383	-13.072630	▁zeppelin
6384	-13.072631	▁column
6385	-13.072631	▁fundraiser
6386	-13.072632	▁pronoun
6387	-13.072632	▁superpowers
6388	-13.072633	▁translate
6389	-13.072659	▁snapped
6390	-13.072724	▁stunt
6391	-13.072812	▁linda
6392	-13.072889	▁witnesses
6393	-13.072992	▁crawling
6394	-13.073018	▁assist
6395	-13.073079	▁chili
6396	-13.073246	▁batch
6397	-13.074740	▁jala
6398	-13.075496	▁lya
6399	-13.081911	▁jewel
6400	-13.084199	▁lucian
6401	-13.084352	▁lynn
6402	-13.084839	value
6403	-13.088156	▁rust
6404	-13.088448	▁attach
6405	-13.088503	▁heavier
6406	-13.088503	▁imagining
6407	-13.088503	▁ketchup
6408	-13.088503	▁lincoln
6409	-13.088503	▁literally
6410	-13.088503	▁overslept
6411	-13.088503	▁reconsider
6412	-13.088503	▁revisit
6413	-13.088503	▁threatened
6414	-13.088504	▁bastard
6415	-13.088504	▁bracelet
6416	-13.088504	▁souvenir
6417	-13.088504	▁straw
6418	-13.088505	▁cecil
6419	-13.088505	▁earrings
6420	-13.088507	▁dallas
6421	-13.088509	▁grieve
6422	-13.088509	▁varies
6423	-13.088511	▁breck
6424	-13.088513	▁yacht
6425	-13.088521	▁motor
6426	-13.088533	▁dragging
6427	-13.088691	▁hose
6428	-13.088868	▁suitable
6429	-13.090183	▁marlo
6430	-13.091846	▁julie
6431	-13.093047	▁lamb
6432	-13.100927	expression
6433	-13.100938	organized
6434	-13.100940	catching
6435	-13.102659	ouch
6436	-13.104324	▁extend
6437	-13.104581	▁inform
6438	-13.104632	▁agatha
6439	-13.104632	▁appreciating
6440	-13.104632	▁dialogue
6441	-13.104632	▁distribute
6442	-13.104632	▁embrace
6443	-13.104632	▁ferrari
6444	-13.104632	▁immature
6445	-13.104632	▁majestic
6446	-13.104632	▁melodies
6447	-13.104632	▁memorable
6448	-13.104632	▁nikola
6449	-13.104632	▁spoon
6450	-13.104632	▁turmoil
6451	-13.104632	▁whistle
6452	-13.104632	▁wrinkle
6453	-13.104633	▁epic
6454	-13.104634	▁ought
6455	-13.104636	▁stamina
6456	-13.104639	▁flaws
6457	-13.104650	▁logic
6458	-13.104653	▁investors
6459	-13.104665	▁victorian
6460	-13.104682	▁adalyn
6461	-13.104704	▁transferring
6462	-13.104771	▁judgmental
6463	-13.104795	▁workshop
6464	-13.104871	▁feat
6465	-13.104878	▁introverted
6466	-13.104906	▁lakers
6467	-13.105022	▁oversee
6468	-13.105034	▁fame
6469	-13.105062	▁spoiled
6470	-13.117333	nothing
6471	-13.118972	▁raj
6472	-13.119204	▁vivian
6473	-13.119993	▁annoy
6474	-13.120576	▁clutter
6475	-13.121026	▁benjamin
6476	-13.121026	▁bummed
6477	-13.121026	▁certified
6478	-13.121026	▁clubbing
6479	-13.121026	▁defensive
6480	-13.121026	▁generosity
6481	-13.121026	▁haunted
6482	-13.121026	▁inspect
6483	-13.121026	▁lifeguard
6484	-13.121026	▁multiplication
6485	-13.121026	▁observe
6486	-13.121026	▁screwdriver
6487	-13.121026	▁twitter
6488	-13.121026	▁undecided
6489	-13.121027	▁harper
6490	-13.121028	▁conform
6491	-13.121028	▁paddle
6492	-13.121030	▁dependent
6493	-13.121030	▁summit
6494	-13.121037	esteem
6495	-13.121057	▁thread
6496	-13.121058	▁silk
6497	-13.121060	▁accessible
6498	-13.121144	▁fireplace
6499	-13.121163	▁furry
6500	-13.121173	▁dental
6501	-13.121208	▁evicted
6502	-13.121214	▁fox
6503	-13.121270	▁slate
6504	-13.121308	▁instantly
6505	-13.121970	▁jaw
6506	-13.122087	▁marlen
6507	-13.122105	▁maze
6508	-13.122197	▁latin
6509	-13.123005	▁govern
6510	-13.124166	2000
6511	-13.125200	▁arya
6512	-13.129670	username
6513	-13.130677	▁distraction
6514	-13.136683	▁associate
6515	-13.137242	▁abandon
6516	-13.137473	▁absolute
6517	-13.137556	▁potato
6518	-13.137692	▁berkeley
6519	-13.137692	▁booth
6520	-13.137692	▁champagne
6521	-13.137692	▁chunk
6522	-13.137692	▁colorado
6523	-13.137692	▁coordination
6524	-13.137692	▁curtain
6525	-13.137692	▁explosion
6526	-13.137692	▁frightening
6527	-13.137692	▁goddamn
6528	-13.137692	▁humiliated
6529	-13.137692	▁labrador
6530	-13.137692	▁measuring
6531	-13.137692	▁villain
6532	-13.137693	▁caramel
6533	-13.137694	▁kesha
6534	-13.137695	▁soulmate
6535	-13.137701	▁brent
6536	-13.137703	▁germs
6537	-13.137718	▁dense
6538	-13.137740	▁outdated
6539	-13.137778	▁crisis
6540	-13.137810	▁rocket
6541	-13.137830	▁dramatic
6542	-13.137972	▁cort
6543	-13.138031	▁lightning
6544	-13.138151	▁representation
6545	-13.138309	▁brianna
6546	-13.139084	▁sally
6547	-13.140903	▁rio
6548	-13.140975	▁jamee
6549	-13.141332	▁medal
6550	-13.143394	poo
6551	-13.151616	wow
6552	-13.154097	▁victor
6553	-13.154190	▁spoil
6554	-13.154224	▁charli
6555	-13.154422	▁ultimate
6556	-13.154604	▁renew
6557	-13.154641	▁bouquet
6558	-13.154641	▁category
6559	-13.154641	▁concentrating
6560	-13.154641	▁elaborate
6561	-13.154641	▁fossil
6562	-13.154641	▁surgeon
6563	-13.154641	▁survival
6564	-13.154641	▁wheelchair
6565	-13.154642	▁campfire
6566	-13.154642	▁regain
6567	-13.154643	▁cocoa
6568	-13.154643	▁seminar
6569	-13.154643	▁snoop
6570	-13.154645	▁arrow
6571	-13.154652	▁flames
6572	-13.154662	▁traumatic
6573	-13.154665	▁mailbox
6574	-13.154665	▁nba
6575	-13.154679	▁renewable
6576	-13.154686	▁unrest
6577	-13.154699	▁tokyo
6578	-13.154704	▁genetic
6579	-13.154758	▁replica
6580	-13.154767	▁documentary
6581	-13.154851	▁teasing
6582	-13.154872	▁betrayal
6583	-13.154919	▁joyful
6584	-13.156132	▁hong
6585	-13.160171	▁wig
6586	-13.160335	▁seal
6587	-13.162417	behaved
6588	-13.165291	▁fluid
6589	-13.165781	▁jamie
6590	-13.168190	worth
6591	-13.168208	related
6592	-13.168777	wash
6593	-13.171883	▁celery
6594	-13.171883	▁comprehensive
6595	-13.171883	▁discrimination
6596	-13.171883	▁feasible
6597	-13.171883	▁jersey
6598	-13.171883	▁lobby
6599	-13.171883	▁mathematics
6600	-13.171883	▁moderation
6601	-13.171883	▁nuclear
6602	-13.171883	▁plumber
6603	-13.171883	▁purchasing
6604	-13.171883	▁quadratic
6605	-13.171883	▁repetitive
6606	-13.171883	▁sneezing
6607	-13.171884	▁bargain
6608	-13.171884	▁elbow
6609	-13.171885	▁eighteen
6610	-13.171885	▁isolating
6611	-13.171885	▁swiss
6612	-13.171886	▁pantry
6613	-13.171886	▁trace
6614	-13.171886	▁trumpet
6615	-13.171889	▁sustainability
6616	-13.171889	▁underlying
6617	-13.171891	▁gallon
6618	-13.171932	▁flipping
6619	-13.172198	▁fianc
6620	-13.172485	▁tuna
6621	-13.172524	▁preach
6622	-13.172815	▁tile
6623	-13.174754	drawn
6624	-13.176547	▁shamar
6625	-13.176677	▁latte
6626	-13.180885	▁malik
6627	-13.185692	vision
6628	-13.185699	fall
6629	-13.185732	girlfriend
6630	-13.189405	▁trauma
6631	-13.189426	▁alfredo
6632	-13.189426	▁analyst
6633	-13.189426	▁chemotherapy
6634	-13.189426	▁detergent
6635	-13.189426	▁endeavor
6636	-13.189426	▁imaginary
6637	-13.189426	▁karma
6638	-13.189426	▁legacy
6639	-13.189426	▁metallica
6640	-13.189426	▁primary
6641	-13.189426	▁senator
6642	-13.189426	▁simplicity
6643	-13.189426	▁spinach
6644	-13.189426	▁toothpaste
6645	-13.189426	▁torture
6646	-13.189426	▁tragedy
6647	-13.189426	▁transgender
6648	-13.189426	▁unsafe
6649	-13.189427	▁debit
6650	-13.189427	▁ladies
6651	-13.189427	▁mercedes
6652	-13.189432	▁keila
6653	-13.189433	▁catering
6654	-13.189440	▁amusing
6655	-13.189443	▁rico
6656	-13.189483	▁combat
6657	-13.189507	▁zakari
6658	-13.189511	▁spirituality
6659	-13.189555	▁digest
6660	-13.189582	▁symbolic
6661	-13.189588	▁copies
6662	-13.189711	▁leila
6663	-13.191340	▁cristin
6664	-13.191489	seek
6665	-13.191947	▁keli
6666	-13.195269	▁annabell
6667	-13.205190	▁harmoni
6668	-13.207284	inclusive
6669	-13.207284	▁arrogant
6670	-13.207284	▁assuming
6671	-13.207284	▁availability
6672	-13.207284	▁confusion
6673	-13.207284	▁decrease
6674	-13.207284	▁envelope
6675	-13.207284	▁facilities
6676	-13.207284	▁immersive
6677	-13.207284	▁january
6678	-13.207284	▁midwest
6679	-13.207284	▁motivating
6680	-13.207284	▁scoop
6681	-13.207284	▁spouse
6682	-13.207284	▁substance
6683	-13.207284	▁supplier
6684	-13.207284	▁unplug
6685	-13.207284	▁widget
6686	-13.207288	▁tolerant
6687	-13.207297	▁memorize
6688	-13.207299	▁pediatrician
6689	-13.207335	▁albert
6690	-13.207388	▁syria
6691	-13.207398	▁bald
6692	-13.207412	▁shawn
6693	-13.207454	▁rapper
6694	-13.207553	▁shutting
6695	-13.207696	▁grandson
6696	-13.224736	▁cloth
6697	-13.225466	▁comparing
6698	-13.225466	▁democrat
6699	-13.225466	▁hazard
6700	-13.225466	▁impulse
6701	-13.225466	▁industries
6702	-13.225466	▁libraries
6703	-13.225466	▁sparrow
6704	-13.225466	▁stylist
6705	-13.225466	▁uplifting
6706	-13.225467	▁cowboy
6707	-13.225467	▁harris
6708	-13.225468	▁lavender
6709	-13.225471	▁lucy
6710	-13.225475	▁sip
6711	-13.225476	▁bundle
6712	-13.225499	▁faint
6713	-13.225503	▁plugging
6714	-13.225543	▁submitted
6715	-13.225560	▁pirate
6716	-13.225673	▁profitable
6717	-13.225730	▁realization
6718	-13.225731	▁betty
6719	-13.225745	▁handmade
6720	-13.226120	▁towed
6721	-13.226125	▁rack
6722	-13.226259	▁alyssa
6723	-13.226799	▁dario
6724	-13.227651	▁haile
6725	-13.236042	20,000
6726	-13.240224	▁karol
6727	-13.240674	earth
6728	-13.242699	▁bree
6729	-13.243983	▁architect
6730	-13.243984	▁advise
6731	-13.243984	▁artificial
6732	-13.243984	▁barcelona
6733	-13.243984	▁brushstrokes
6734	-13.243984	▁crucial
6735	-13.243984	▁custody
6736	-13.243984	▁debating
6737	-13.243984	▁dictate
6738	-13.243984	▁discomfort
6739	-13.243984	▁perseverance
6740	-13.243984	▁philosopher
6741	-13.243984	▁simplify
6742	-13.243984	▁stoked
6743	-13.243984	▁trading
6744	-13.243984	▁twenties
6745	-13.243984	▁walter
6746	-13.243984	▁wrestle
6747	-13.243985	▁bartending
6748	-13.243985	▁convention
6749	-13.243985	▁northern
6750	-13.243985	▁softball
6751	-13.243986	▁glow
6752	-13.243986	▁november
6753	-13.243987	▁berries
6754	-13.243990	▁blink
6755	-13.243995	▁sleeve
6756	-13.243999	▁clark
6757	-13.244022	▁downhill
6758	-13.244057	▁korea
6759	-13.244059	▁hallway
6760	-13.244092	▁cupboard
6761	-13.244135	▁laura
6762	-13.244154	▁sync
6763	-13.244254	▁passage
6764	-13.244283	▁eventful
6765	-13.244417	▁domenic
6766	-13.252422	▁kadi
6767	-13.259148	depth
6768	-13.262853	▁accuracy
6769	-13.262853	▁acoustic
6770	-13.262853	▁arcade
6771	-13.262853	▁barefoot
6772	-13.262853	▁butterflies
6773	-13.262853	▁capacity
6774	-13.262853	▁cheesecake
6775	-13.262853	▁daisy
6776	-13.262853	▁eagle
6777	-13.262853	▁elevate
6778	-13.262853	▁enterprise
6779	-13.262853	▁florence
6780	-13.262853	▁inconvenient
6781	-13.262853	▁introduction
6782	-13.262853	▁jeopardize
6783	-13.262853	▁microwave
6784	-13.262853	▁pineapple
6785	-13.262853	▁praise
6786	-13.262853	▁steadily
6787	-13.262853	▁swollen
6788	-13.262853	▁terribly
6789	-13.262853	▁unbearable
6790	-13.262853	▁underwear
6791	-13.262853	▁utilities
6792	-13.262853	▁vague
6793	-13.262853	▁yamile
6794	-13.262855	▁kong
6795	-13.262855	▁wreck
6796	-13.262857	▁overspend
6797	-13.262862	▁forehead
6798	-13.262884	▁dragged
6799	-13.262886	▁splint
6800	-13.262908	▁console
6801	-13.262944	▁groom
6802	-13.263031	▁gentleman
6803	-13.267045	night
6804	-13.278447	help
6805	-13.279228	ridge
6806	-13.279708	▁emmi
6807	-13.282083	▁acceleration
6808	-13.282083	▁admission
6809	-13.282083	▁appetizer
6810	-13.282083	▁atlanta
6811	-13.282083	▁attentive
6812	-13.282083	▁baggage
6813	-13.282083	▁clarity
6814	-13.282083	▁cooperation
6815	-13.282083	▁exploration
6816	-13.282083	▁grandkids
6817	-13.282083	▁hygiene
6818	-13.282083	▁insomnia
6819	-13.282083	▁interior
6820	-13.282083	▁mittens
6821	-13.282083	▁nagging
6822	-13.282083	▁positivity
6823	-13.282083	▁predator
6824	-13.282083	▁quantity
6825	-13.282083	▁sausage
6826	-13.282083	▁stiff
6827	-13.282083	▁trophy
6828	-13.282084	▁annual
6829	-13.282084	▁diversify
6830	-13.282084	▁nutrition
6831	-13.282084	▁proportion
6832	-13.282084	▁subscription
6833	-13.282084	▁verify
6834	-13.282084	▁wrench
6835	-13.282084	▁humble
6836	-13.282088	▁prompt
6837	-13.282089	▁dawn
6838	-13.282096	▁massive
6839	-13.282103	▁monet
6840	-13.282111	▁percentage
6841	-13.282114	▁grave
6842	-13.282115	▁jelly
6843	-13.282127	▁pastries
6844	-13.282135	▁adelyn
6845	-13.282146	▁backwards
6846	-13.282303	▁juliann
6847	-13.282310	▁sofa
6848	-13.282380	▁aloe
6849	-13.282520	▁janay
6850	-13.297972	counter
6851	-13.297995	adventure
6852	-13.298312	class
6853	-13.298639	born
6854	-13.299463	▁demo
6855	-13.301691	▁anticipate
6856	-13.301691	▁avenue
6857	-13.301691	▁border
6858	-13.301691	▁bouncing
6859	-13.301691	▁chief
6860	-13.301691	▁deliberately
6861	-13.301691	▁feminine
6862	-13.301691	▁fundraising
6863	-13.301691	▁gadget
6864	-13.301691	▁hannah
6865	-13.301691	▁harold
6866	-13.301691	▁innocence
6867	-13.301691	▁janitor
6868	-13.301691	▁magdalen
6869	-13.301691	▁partnership
6870	-13.301691	▁pulse
6871	-13.301691	▁tropical
6872	-13.301691	▁unpleasant
6873	-13.301691	▁visible
6874	-13.301692	▁footsteps
6875	-13.301692	▁parallel
6876	-13.301693	▁davon
6877	-13.301716	▁pothole
6878	-13.301770	▁virginia
6879	-13.301849	▁wool
6880	-13.303358	▁restore
6881	-13.309650	▁lizet
6882	-13.312407	▁seize
6883	-13.317991	grandfather
6884	-13.318019	great
6885	-13.318032	interest
6886	-13.321286	▁historic
6887	-13.321661	▁advertise
6888	-13.321688	▁chronic
6889	-13.321691	▁balcony
6890	-13.321691	▁conscientious
6891	-13.321691	▁emissions
6892	-13.321691	▁gabby
6893	-13.321691	▁jamaica
6894	-13.321691	▁jupiter
6895	-13.321691	▁klutz
6896	-13.321691	▁mural
6897	-13.321691	▁stimulating
6898	-13.321691	▁underground
6899	-13.321691	▁zombie
6900	-13.321692	▁arnold
6901	-13.321692	▁burglar
6902	-13.321692	▁examining
6903	-13.321692	▁thirteen
6904	-13.321692	▁shucks
6905	-13.321693	▁liquid
6906	-13.321695	▁tolerance
6907	-13.321699	▁automatically
6908	-13.321700	▁conserve
6909	-13.321700	▁whip
6910	-13.321718	▁trump
6911	-13.321740	▁edward
6912	-13.321750	▁gps
6913	-13.321805	▁holly
6914	-13.321827	▁greenhouse
6915	-13.321847	▁handwriting
6916	-13.321848	▁invade
6917	-13.322057	▁mahal
6918	-13.322209	▁dylan
6919	-13.324309	▁meghan
6920	-13.341619	▁punish
6921	-13.341809	▁robber
6922	-13.341880	▁immediate
6923	-13.342098	▁emmanuel
6924	-13.342099	▁balancing
6925	-13.342099	▁baltimore
6926	-13.342099	▁cholesterol
6927	-13.342099	▁constellation
6928	-13.342099	▁database
6929	-13.342099	▁dioxide
6930	-13.342099	▁hamilton
6931	-13.342099	▁humiliating
6932	-13.342099	▁illusion
6933	-13.342099	▁immensely
6934	-13.342099	▁insensitive
6935	-13.342099	▁intimidating
6936	-13.342099	▁irritated
6937	-13.342099	▁knives
6938	-13.342099	▁lipstick
6939	-13.342099	▁negotiation
6940	-13.342099	▁ownership
6941	-13.342099	▁procrastinating
6942	-13.342099	▁racism
6943	-13.342099	▁reassuring
6944	-13.342099	▁refugee
6945	-13.342099	▁saxophone
6946	-13.342099	▁sequel
6947	-13.342099	▁sloppy
6948	-13.342099	▁sophisticated
6949	-13.342099	▁steering
6950	-13.342099	▁strap
6951	-13.342099	▁telescope
6952	-13.342099	▁warehouse
6953	-13.342100	▁envy
6954	-13.342100	▁logistics
6955	-13.342100	▁swallow
6956	-13.342101	▁blah
6957	-13.342101	▁clip
6958	-13.342101	▁deaf
6959	-13.342101	▁showcase
6960	-13.342104	▁cheek
6961	-13.342105	▁carolyn
6962	-13.342105	▁skincare
6963	-13.342105	▁tumor
6964	-13.342105	▁zack
6965	-13.342110	▁bulk
6966	-13.342118	▁hawk
6967	-13.342130	▁advertisement
6968	-13.342135	▁consultant
6969	-13.342152	▁benny
6970	-13.342154	▁omelette
6971	-13.342237	▁tasha
6972	-13.342309	▁zaid
6973	-13.342545	▁monte
6974	-13.344175	dimensional
6975	-13.358305	▁ariel
6976	-13.359239	natural
6977	-13.362932	▁assumption
6978	-13.362932	▁astronomy
6979	-13.362932	▁carpentry
6980	-13.362932	▁cocktail
6981	-13.362932	▁compelling
6982	-13.362932	▁culinary
6983	-13.362932	▁derivative
6984	-13.362932	▁documentaries
6985	-13.362932	▁integrity
6986	-13.362932	▁morris
6987	-13.362932	▁narnia
6988	-13.362932	▁pedestrian
6989	-13.362932	▁postcard
6990	-13.362932	▁prototype
6991	-13.362932	▁reassurance
6992	-13.362932	▁survivor
6993	-13.362932	▁wisconsin
6994	-13.362933	▁abrupt
6995	-13.362933	▁asthma
6996	-13.362933	▁cheesy
6997	-13.362933	▁domestic
6998	-13.362933	▁gerald
6999	-13.362933	▁sediment
7000	-13.362934	▁austen
7001	-13.362936	▁ordeal
7002	-13.362937	▁breann
7003	-13.362947	▁feather
7004	-13.362951	▁martha
7005	-13.362953	▁gissel
7006	-13.362965	▁subconscious
7007	-13.362973	▁lilly
7008	-13.362988	▁ashlyn
7009	-13.363011	▁claus
7010	-13.363083	▁peak
7011	-13.363180	▁shyann
7012	-13.363363	▁kelly
7013	-13.364503	▁environmentalis
7014	-13.364534	▁zoi
7015	-13.364770	▁kyra
7016	-13.365668	examines
7017	-13.366013	▁semi
7018	-13.379090	▁giulia
7019	-13.380511	bedroom
7020	-13.380560	level
7021	-13.380641	training
7022	-13.380696	product
7023	-13.383759	▁scatter
7024	-13.383764	▁cramp
7025	-13.384147	▁audit
7026	-13.384205	▁detect
7027	-13.384209	▁arriving
7028	-13.384209	▁babysitting
7029	-13.384209	▁companionship
7030	-13.384209	▁damaging
7031	-13.384209	▁destructive
7032	-13.384209	▁devonta
7033	-13.384209	▁drummer
7034	-13.384209	▁emergencies
7035	-13.384209	▁empowered
7036	-13.384209	▁glucose
7037	-13.384209	▁jakob
7038	-13.384209	▁lurking
7039	-13.384209	▁pharaoh
7040	-13.384209	▁puerto
7041	-13.384209	▁quad
7042	-13.384209	▁sixteen
7043	-13.384209	▁supplement
7044	-13.384209	▁unprofessional
7045	-13.384209	▁varsity
7046	-13.384210	▁eddie
7047	-13.384210	▁retain
7048	-13.384210	▁sponsor
7049	-13.384210	▁stereo
7050	-13.384210	▁swift
7051	-13.384212	▁dvd
7052	-13.384214	▁communities
7053	-13.384214	▁trait
7054	-13.384216	▁tenants
7055	-13.384222	▁cried
7056	-13.384223	▁inequality
7057	-13.384224	▁recall
7058	-13.384231	▁encounter
7059	-13.384237	▁rhian
7060	-13.384238	▁archery
7061	-13.384308	▁arlet
7062	-13.384414	▁malak
7063	-13.384583	▁dart
7064	-13.402254	grow
7065	-13.405816	▁stitch
7066	-13.405948	▁administrative
7067	-13.405948	▁advocate
7068	-13.405948	▁avengers
7069	-13.405948	▁devastating
7070	-13.405948	▁diagnosis
7071	-13.405948	▁eligible
7072	-13.405948	▁encouraging
7073	-13.405948	▁expelled
7074	-13.405948	▁fitzgerald
7075	-13.405948	▁glory
7076	-13.405948	▁heavily
7077	-13.405948	▁houston
7078	-13.405948	▁immune
7079	-13.405948	▁jackpot
7080	-13.405948	▁laurel
7081	-13.405948	▁liquor
7082	-13.405948	▁magnet
7083	-13.405948	▁morgan
7084	-13.405948	▁premium
7085	-13.405948	▁ritual
7086	-13.405948	▁scenic
7087	-13.405948	▁silent
7088	-13.405948	▁syrup
7089	-13.405948	▁tornado
7090	-13.405948	▁underestimate
7091	-13.405948	▁underneath
7092	-13.405948	▁uptight
7093	-13.405948	▁veteran
7094	-13.405948	▁whew
7095	-13.405949	▁attempt
7096	-13.405949	▁jocelyn
7097	-13.405949	▁splash
7098	-13.405949	▁unconditional
7099	-13.405950	▁reverse
7100	-13.405951	▁collage
7101	-13.405951	▁jasmin
7102	-13.405953	▁measurements
7103	-13.405954	▁philip
7104	-13.405955	▁scarlett
7105	-13.405959	▁elvis
7106	-13.405965	▁whiskey
7107	-13.405966	▁pastime
7108	-13.405975	evaluate
7109	-13.405979	▁corrin
7110	-13.405980	▁accent
7111	-13.405980	▁julieann
7112	-13.405993	▁poisonous
7113	-13.406018	▁authorities
7114	-13.406057	▁cattle
7115	-13.406266	▁erik
7116	-13.406375	▁slot
7117	-13.406411	▁dominic
7118	-13.409372	▁traci
7119	-13.413335	hugs
7120	-13.424475	piece
7121	-13.424477	exactly
7122	-13.427718	▁sunburn
7123	-13.427774	▁fend
7124	-13.428076	▁aspirin
7125	-13.428079	▁possess
7126	-13.428170	▁cathedral
7127	-13.428170	▁closure
7128	-13.428170	▁compensation
7129	-13.428170	▁contrast
7130	-13.428170	▁divine
7131	-13.428170	▁empathy
7132	-13.428170	▁galaxies
7133	-13.428170	▁happiest
7134	-13.428170	▁hydrogen
7135	-13.428170	▁inflammation
7136	-13.428170	▁manufacture
7137	-13.428170	▁oregon
7138	-13.428170	▁resilience
7139	-13.428170	▁samantha
7140	-13.428170	▁sidetracked
7141	-13.428170	▁skeptical
7142	-13.428170	▁snuck
7143	-13.428170	▁stabbed
7144	-13.428170	▁stagnant
7145	-13.428170	▁vinegar
7146	-13.428170	▁weightlifting
7147	-13.428171	▁katherin
7148	-13.428171	▁newfound
7149	-13.428172	▁sensor
7150	-13.428175	▁psychologist
7151	-13.428178	▁kodi
7152	-13.428180	▁terry
7153	-13.428182	▁marquis
7154	-13.428200	▁banned
7155	-13.428203	▁skyrim
7156	-13.428212	▁plugged
7157	-13.428223	▁void
7158	-13.428225	▁crave
7159	-13.428443	▁shante
7160	-13.428745	▁rotate
7161	-13.430676	▁kyla
7162	-13.434676	▁chanel
7163	-13.447185	dressed
7164	-13.447206	when
7165	-13.447707	write
7166	-13.450305	▁accord
7167	-13.450337	▁kendal
7168	-13.450385	▁warrant
7169	-13.450896	▁quan
7170	-13.450897	▁adversity
7171	-13.450897	▁aesthetic
7172	-13.450897	▁camaraderie
7173	-13.450897	▁charging
7174	-13.450897	▁compensated
7175	-13.450897	▁exotic
7176	-13.450897	▁fisherman
7177	-13.450897	▁frazzled
7178	-13.450897	▁gently
7179	-13.450897	▁lightweight
7180	-13.450897	▁likable
7181	-13.450897	▁outrageous
7182	-13.450897	▁republic
7183	-13.450897	▁revolve
7184	-13.450897	▁scheduling
7185	-13.450897	▁threatening
7186	-13.450897	▁thunder
7187	-13.450897	▁transmission
7188	-13.450897	▁volcano
7189	-13.450898	▁bbq
7190	-13.450898	▁cocky
7191	-13.450898	▁excess
7192	-13.450898	▁loaf
7193	-13.450898	▁regina
7194	-13.450898	▁snowball
7195	-13.450899	▁kiyan
7196	-13.450900	▁shaving
7197	-13.450901	▁kaelyn
7198	-13.450904	▁kimberli
7199	-13.450908	▁jeffrey
7200	-13.450929	▁ashley
7201	-13.450932	▁clich
7202	-13.450932	▁interactive
7203	-13.450934	▁whale
7204	-13.450997	▁crab
7205	-13.451011	▁ditch
7206	-13.451183	▁cambri
7207	-13.467148	▁krista
7208	-13.470459	deserved
7209	-13.470460	anything
7210	-13.474154	▁collaboration
7211	-13.474154	▁complacent
7212	-13.474154	▁cycling
7213	-13.474154	▁eduard
7214	-13.474154	▁granny
7215	-13.474154	▁inevitable
7216	-13.474154	▁monica
7217	-13.474154	▁monotony
7218	-13.474154	▁perimeter
7219	-13.474154	▁rescuing
7220	-13.474154	▁scooter
7221	-13.474154	▁scope
7222	-13.474154	▁scuba
7223	-13.474154	▁sunbathe
7224	-13.474154	▁superficial
7225	-13.474154	▁watermelon
7226	-13.474154	▁motive
7227	-13.474154	▁recreate
7228	-13.474155	▁superior
7229	-13.474156	▁agnes
7230	-13.474156	▁easygoing
7231	-13.474156	▁terminal
7232	-13.474159	▁elliot
7233	-13.474161	▁zookeeper
7234	-13.474168	▁basil
7235	-13.474173	▁mattress
7236	-13.474176	▁scrapbook
7237	-13.474186	▁crutch
7238	-13.474254	▁nahom
7239	-13.476775	▁kaili
7240	-13.477041	▁kyan
7241	-13.477145	axis
7242	-13.478394	▁peach
7243	-13.494285	control
7244	-13.495542	▁dimension
7245	-13.497371	▁satisfy
7246	-13.497962	▁interfere
7247	-13.497963	▁alabama
7248	-13.497963	▁anonymous
7249	-13.497963	▁arizona
7250	-13.497963	▁articulate
7251	-13.497963	▁bankrupt
7252	-13.497963	▁commotion
7253	-13.497963	▁congress
7254	-13.497963	▁context
7255	-13.497963	▁dictionary
7256	-13.497963	▁ignorant
7257	-13.497963	▁inferior
7258	-13.497963	▁institution
7259	-13.497963	▁interconnected
7260	-13.497963	▁introducing
7261	-13.497963	▁involving
7262	-13.497963	▁jordy
7263	-13.497963	▁mercury
7264	-13.497963	▁mesmerizing
7265	-13.497963	▁painkillers
7266	-13.497963	▁phew
7267	-13.497963	▁phoenix
7268	-13.497963	▁reassess
7269	-13.497963	▁russel
7270	-13.497963	▁scissors
7271	-13.497963	▁sledding
7272	-13.497963	▁snickers
7273	-13.497963	▁stephanie
7274	-13.497963	▁terror
7275	-13.497963	▁trespassing
7276	-13.497963	▁vietnam
7277	-13.497964	▁austin
7278	-13.497964	▁craig
7279	-13.497964	▁remodel
7280	-13.497965	▁persevere
7281	-13.497965	▁trout
7282	-13.497967	▁chronicles
7283	-13.497967	▁feast
7284	-13.497968	▁priest
7285	-13.497969	▁sector
7286	-13.497973	▁norman
7287	-13.497981	▁mercy
7288	-13.497983	▁kirk
7289	-13.497984	▁kip
7290	-13.497999	▁sidelines
7291	-13.498149	▁arrival
7292	-13.498595	▁yasmin
7293	-13.501431	▁quota
7294	-13.518658	woman
7295	-13.522303	▁confide
7296	-13.522353	▁abortion
7297	-13.522353	▁allergy
7298	-13.522353	▁arthritis
7299	-13.522353	▁beneath
7300	-13.522353	▁blaming
7301	-13.522353	▁consumption
7302	-13.522353	▁contemporary
7303	-13.522353	▁demographic
7304	-13.522353	▁disgusted
7305	-13.522353	▁ensuring
7306	-13.522353	▁evacuate
7307	-13.522353	▁grime
7308	-13.522353	▁insecurity
7309	-13.522353	▁manufacturing
7310	-13.522353	▁mignon
7311	-13.522353	▁motivator
7312	-13.522353	▁necessities
7313	-13.522353	▁pendant
7314	-13.522353	▁plato
7315	-13.522353	▁vicariously
7316	-13.522354	▁amateur
7317	-13.522354	▁merrier
7318	-13.522354	▁proving
7319	-13.522354	▁slob
7320	-13.522354	▁whisper
7321	-13.522355	▁harness
7322	-13.522355	▁makai
7323	-13.522355	▁toiletries
7324	-13.522360	▁fusion
7325	-13.522363	▁overrated
7326	-13.522367	▁titan
7327	-13.522382	▁compress
7328	-13.522412	▁jalen
7329	-13.522461	▁keeli
7330	-13.522470	▁raeann
7331	-13.522474	▁dariel
7332	-13.524642	▁kristin
7333	-13.525032	▁kyri
7334	-13.525273	▁zara
7335	-13.526599	▁kira
7336	-13.543659	bought
7337	-13.547308	▁commun
7338	-13.547353	entrepreneurship
7339	-13.547353	▁analyze
7340	-13.547353	▁buddhism
7341	-13.547353	▁caution
7342	-13.547353	▁cavities
7343	-13.547353	▁cavity
7344	-13.547353	▁controversial
7345	-13.547353	▁corvette
7346	-13.547353	▁crossword
7347	-13.547353	▁dimitri
7348	-13.547353	▁easiest
7349	-13.547353	▁ecosystem
7350	-13.547353	▁elizabeth
7351	-13.547353	▁endangered
7352	-13.547353	▁extent
7353	-13.547353	▁gratitude
7354	-13.547353	▁itinerary
7355	-13.547353	▁lounge
7356	-13.547353	▁manuscript
7357	-13.547353	▁monopoly
7358	-13.547353	▁pennsylvania
7359	-13.547353	▁remission
7360	-13.547353	▁replacing
7361	-13.547353	▁reptiles
7362	-13.547353	▁responsibly
7363	-13.547353	▁sneeze
7364	-13.547353	▁thunderstorm
7365	-13.547353	▁walmart
7366	-13.547354	▁brenna
7367	-13.547354	▁rebecca
7368	-13.547354	▁urban
7369	-13.547355	▁kobe
7370	-13.547355	▁margin
7371	-13.547362	▁antwon
7372	-13.547367	▁marcus
7373	-13.547368	▁sophie
7374	-13.549950	▁amado
7375	-13.550020	▁jodi
7376	-13.565376	▁bodi
7377	-13.569301	country
7378	-13.569309	please
7379	-13.571952	▁exhaust
7380	-13.572397	▁crawl
7381	-13.572956	▁import
7382	-13.572978	▁euro
7383	-13.572994	boggling
7384	-13.572994	▁academy
7385	-13.572994	▁activist
7386	-13.572994	▁blockbuster
7387	-13.572994	▁calculator
7388	-13.572994	▁carbonara
7389	-13.572994	▁coordinator
7390	-13.572994	▁curfew
7391	-13.572994	▁curiosity
7392	-13.572994	▁dividing
7393	-13.572994	▁extensive
7394	-13.572994	▁impartial
7395	-13.572994	▁intersection
7396	-13.572994	▁jennifer
7397	-13.572994	▁kourtney
7398	-13.572994	▁loneliness
7399	-13.572994	▁oyster
7400	-13.572994	▁patrick
7401	-13.572994	▁plumbing
7402	-13.572994	▁producing
7403	-13.572994	▁radiation
7404	-13.572994	▁regime
7405	-13.572994	▁remark
7406	-13.572994	▁sunflower
7407	-13.572994	▁sunglasses
7408	-13.572994	▁traumatizing
7409	-13.572994	▁unreliable
7410	-13.572994	▁upfront
7411	-13.572994	▁valentine
7412	-13.572994	▁vendor
7413	-13.572994	▁victorious
7414	-13.572995	▁aspire
7415	-13.572995	▁audio
7416	-13.572995	▁claire
7417	-13.572995	▁clingy
7418	-13.572995	▁khloe
7419	-13.572995	▁orleans
7420	-13.572995	▁piggy
7421	-13.572995	▁sheriff
7422	-13.572996	▁kahlan
7423	-13.572996	▁mammal
7424	-13.573000	▁flea
7425	-13.573000	▁madrid
7426	-13.573001	▁corp
7427	-13.573001	▁oscar
7428	-13.573009	▁trek
7429	-13.573090	▁lauren
7430	-13.573282	▁zaya
7431	-13.575166	▁lyric
7432	-13.575917	▁kavi
7433	-13.579454	▁mariann
7434	-13.583250	▁shiann
7435	-13.598720	▁flirt
7436	-13.599310	▁avocado
7437	-13.599310	▁bombarded
7438	-13.599310	▁booming
7439	-13.599310	▁cinnamon
7440	-13.599310	▁cityscape
7441	-13.599310	▁disadvantage
7442	-13.599310	▁endorphins
7443	-13.599310	▁executive
7444	-13.599310	▁expansion
7445	-13.599310	▁facial
7446	-13.599310	▁furious
7447	-13.599310	▁furnish
7448	-13.599310	▁gloom
7449	-13.599310	▁gravy
7450	-13.599310	▁grieving
7451	-13.599310	▁handicap
7452	-13.599310	▁html
7453	-13.599310	▁identification
7454	-13.599310	▁infectious
7455	-13.599310	▁muffin
7456	-13.599310	▁nirvana
7457	-13.599310	▁pablo
7458	-13.599310	▁paramedic
7459	-13.599310	▁pleasing
7460	-13.599310	▁prejudice
7461	-13.599310	▁puppet
7462	-13.599310	▁qualify
7463	-13.599310	▁rearrange
7464	-13.599310	▁responsive
7465	-13.599310	▁slammed
7466	-13.599310	▁technician
7467	-13.599310	▁translation
7468	-13.599310	▁venus
7469	-13.599311	▁dennis
7470	-13.599311	▁jazmyn
7471	-13.599312	▁janyla
7472	-13.599313	▁edmund
7473	-13.599322	▁posture
7474	-13.599323	▁pollen
7475	-13.599331	▁sierra
7476	-13.601371	▁adrean
7477	-13.618615	▁quo
7478	-13.621505	▁kerri
7479	-13.625742	▁overthink
7480	-13.626337	▁accommodation
7481	-13.626337	▁argentina
7482	-13.626337	▁beethoven
7483	-13.626337	▁blackjack
7484	-13.626337	▁cathartic
7485	-13.626337	▁cheerleader
7486	-13.626337	▁cuddling
7487	-13.626337	▁definitive
7488	-13.626337	▁eternal
7489	-13.626337	▁evident
7490	-13.626337	▁exemplary
7491	-13.626337	▁floyd
7492	-13.626337	▁fountain
7493	-13.626337	▁gettysburg
7494	-13.626337	▁godfather
7495	-13.626337	▁happily
7496	-13.626337	▁intimacy
7497	-13.626337	▁invigorated
7498	-13.626337	▁lawsuit
7499	-13.626337	▁multiplayer
7500	-13.626337	▁oneself
7501	-13.626337	▁philippines
7502	-13.626337	▁rifle
7503	-13.626337	▁safari
7504	-13.626337	▁splurge
7505	-13.626337	▁unnecessarily
7506	-13.626337	▁unsteady
7507	-13.626337	▁yield
7508	-13.626337	▁zamari
7509	-13.626338	perishable
7510	-13.626338	▁chevy
7511	-13.626338	▁eboni
7512	-13.626338	▁enchilada
7513	-13.626338	▁lousy
7514	-13.626338	▁yourselves
7515	-13.626339	▁streak
7516	-13.626339	▁tyran
7517	-13.626343	▁racket
7518	-13.626357	▁zayd
7519	-13.626365	▁lillyann
7520	-13.629981	▁ingredient
7521	-13.635708	benz
7522	-13.650073	friend
7523	-13.652680	change
7524	-13.654000	▁virgin
7525	-13.654080	▁francis
7526	-13.654115	▁assault
7527	-13.654115	▁bottling
7528	-13.654115	▁clarence
7529	-13.654115	▁constituents
7530	-13.654115	▁croissant
7531	-13.654115	▁darlene
7532	-13.654115	▁disguise
7533	-13.654115	▁dorothy
7534	-13.654115	▁dystopian
7535	-13.654115	▁encyclopedia
7536	-13.654115	▁envious
7537	-13.654115	▁escalate
7538	-13.654115	▁fairytale
7539	-13.654115	▁gluten
7540	-13.654115	▁greasy
7541	-13.654115	▁harbor
7542	-13.654115	▁homeowner
7543	-13.654115	▁hospitable
7544	-13.654115	▁implications
7545	-13.654115	▁kudos
7546	-13.654115	▁mandarin
7547	-13.654115	▁mixture
7548	-13.654115	▁occupy
7549	-13.654115	▁profound
7550	-13.654115	▁prosecutor
7551	-13.654115	▁recital
7552	-13.654115	▁recognizing
7553	-13.654115	▁severance
7554	-13.654115	▁slippery
7555	-13.654115	▁sobriety
7556	-13.654115	▁spielberg
7557	-13.654115	▁stalking
7558	-13.654115	▁striking
7559	-13.654115	▁supermarket
7560	-13.654115	▁supper
7561	-13.654115	▁transcript
7562	-13.654116	▁imperfect
7563	-13.654116	▁jakiya
7564	-13.654116	▁kemari
7565	-13.654116	▁ronald
7566	-13.654116	▁savanna
7567	-13.654116	▁tranquil
7568	-13.654118	▁britney
7569	-13.654118	▁rosemary
7570	-13.654119	▁fiona
7571	-13.654119	▁parrot
7572	-13.654119	▁harlee
7573	-13.654123	▁rink
7574	-13.654125	▁rosalind
7575	-13.654126	▁reform
7576	-13.654127	▁carpool
7577	-13.654132	▁mistreat
7578	-13.654145	▁zuri
7579	-13.654188	▁vicki
7580	-13.654272	▁kaiden
7581	-13.654290	▁kiera
7582	-13.654435	▁kloe
7583	-13.655463	▁kristian
7584	-13.678969	though
7585	-13.681684	▁isolate
7586	-13.682591	▁construct
7587	-13.682686	▁abusive
7588	-13.682686	▁amaira
7589	-13.682686	▁antioxidants
7590	-13.682686	▁blossom
7591	-13.682686	▁briefcase
7592	-13.682686	▁calculus
7593	-13.682686	▁centimeters
7594	-13.682686	▁chyann
7595	-13.682686	▁conservative
7596	-13.682686	▁dabbling
7597	-13.682686	▁demonstrate
7598	-13.682686	▁departure
7599	-13.682686	▁fragrance
7600	-13.682686	▁harassment
7601	-13.682686	▁inclined
7602	-13.682686	▁innovation
7603	-13.682686	▁intensity
7604	-13.682686	▁lebron
7605	-13.682686	▁lewis
7606	-13.682686	▁maturity
7607	-13.682686	▁metaphor
7608	-13.682686	▁penalties
7609	-13.682686	▁perception
7610	-13.682686	▁prosecution
7611	-13.682686	▁reincarnation
7612	-13.682686	▁stanford
7613	-13.682686	▁suicide
7614	-13.682686	▁tuxedo
7615	-13.682687	▁alexander
7616	-13.682687	▁immigrant
7617	-13.682687	▁troubleshoot
7618	-13.682688	▁bernard
7619	-13.682688	▁grease
7620	-13.682689	▁garret
7621	-13.682689	▁garth
7622	-13.682690	▁meadow
7623	-13.682692	▁kambri
7624	-13.682693	▁nadir
7625	-13.682693	▁orlando
7626	-13.682698	▁ysabel
7627	-13.683210	▁kelli
7628	-13.683680	▁ezra
7629	-13.684099	▁tayla
7630	-13.687896	▁obstacle
7631	-13.711646	▁introvert
7632	-13.712097	▁indulge
7633	-13.712098	▁assembly
7634	-13.712098	▁baxter
7635	-13.712098	▁behalf
7636	-13.712098	▁breakthrough
7637	-13.712098	▁cinematography
7638	-13.712098	▁consistency
7639	-13.712098	▁daisies
7640	-13.712098	▁debris
7641	-13.712098	▁denver
7642	-13.712098	▁dezmon
7643	-13.712098	▁disobey
7644	-13.712098	▁eggshells
7645	-13.712098	▁equipped
7646	-13.712098	▁expired
7647	-13.712098	▁fabian
7648	-13.712098	▁facility
7649	-13.712098	▁flawed
7650	-13.712098	▁frugal
7651	-13.712098	▁geography
7652	-13.712098	▁hardship
7653	-13.712098	▁hormone
7654	-13.712098	▁invaluable
7655	-13.712098	▁jaquelin
7656	-13.712098	▁jonathan
7657	-13.712098	▁kathryn
7658	-13.712098	▁kymber
7659	-13.712098	▁lamiya
7660	-13.712098	▁manipulate
7661	-13.712098	▁neighbourhood
7662	-13.712098	▁percy
7663	-13.712098	▁piercing
7664	-13.712098	▁platter
7665	-13.712098	▁receptive
7666	-13.712098	▁restrictions
7667	-13.712098	▁salvage
7668	-13.712098	▁sponge
7669	-13.712098	▁stadium
7670	-13.712098	▁stanley
7671	-13.712098	▁surviving
7672	-13.712098	▁uneventful
7673	-13.712098	▁unlimited
7674	-13.712098	▁virtual
7675	-13.712099	▁bleak
7676	-13.712099	▁crappy
7677	-13.712099	▁rebekka
7678	-13.712099	▁testify
7679	-13.712118	▁pierce
7680	-13.712152	fortnite
7681	-13.712453	▁nazi
7682	-13.713431	▁emely
7683	-13.716146	burg
7684	-13.735267	smiles
7685	-13.738707	prepared
7686	-13.738708	definitely
7687	-13.738708	people
7688	-13.742319	▁omelet
7689	-13.742401	commerce
7690	-13.742401	▁algorithm
7691	-13.742401	▁bankruptcy
7692	-13.742401	▁bathtub
7693	-13.742401	▁cabernet
7694	-13.742401	▁cardiovascular
7695	-13.742401	▁chihuahua
7696	-13.742401	▁claude
7697	-13.742401	▁corolla
7698	-13.742401	▁currency
7699	-13.742401	▁debilitating
7700	-13.742401	▁empathize
7701	-13.742401	▁graham
7702	-13.742401	▁helicopter
7703	-13.742401	▁hendrix
7704	-13.742401	▁invoice
7705	-13.742401	▁neutral
7706	-13.742401	▁philadelphia
7707	-13.742401	▁pianist
7708	-13.742401	▁psychological
7709	-13.742401	▁racist
7710	-13.742401	▁rapidly
7711	-13.742401	▁raspberry
7712	-13.742401	▁remorse
7713	-13.742401	▁repaint
7714	-13.742401	▁severity
7715	-13.742401	▁shoelace
7716	-13.742401	▁skydive
7717	-13.742401	▁struck
7718	-13.742401	▁ulcer
7719	-13.742401	▁unbeatable
7720	-13.742401	▁vanessa
7721	-13.742401	▁veronica
7722	-13.742402	▁brenda
7723	-13.742402	▁jermain
7724	-13.742402	▁nichola
7725	-13.742402	▁phillip
7726	-13.742402	▁rubbing
7727	-13.742402	▁zaniya
7728	-13.742403	▁selves
7729	-13.742404	▁dakota
7730	-13.742404	▁denied
7731	-13.742425	▁minimize
7732	-13.742441	▁breeann
7733	-13.742463	▁gustav
7734	-13.742469	▁drip
7735	-13.742492	▁jerri
7736	-13.742628	▁tahir
7737	-13.749290	▁izabell
7738	-13.749456	▁rpg
7739	-13.773651	▁beyonce
7740	-13.773651	▁bieber
7741	-13.773651	▁colonel
7742	-13.773651	▁complications
7743	-13.773651	▁dunno
7744	-13.773651	▁eternity
7745	-13.773651	▁exhale
7746	-13.773651	▁external
7747	-13.773651	▁extinguish
7748	-13.773651	▁federal
7749	-13.773651	▁glimpse
7750	-13.773651	▁gwendolyn
7751	-13.773651	▁hybrid
7752	-13.773651	▁influential
7753	-13.773651	▁intimidate
7754	-13.773651	▁keira
7755	-13.773651	▁lenient
7756	-13.773651	▁louisiana
7757	-13.773651	▁migraine
7758	-13.773651	▁mortal
7759	-13.773651	▁nancy
7760	-13.773651	▁naughty
7761	-13.773651	▁ointment
7762	-13.773651	▁reflexes
7763	-13.773651	▁reliving
7764	-13.773651	▁resentment
7765	-13.773651	▁sailboat
7766	-13.773651	▁servant
7767	-13.773651	▁skeleton
7768	-13.773651	▁squad
7769	-13.773651	▁stride
7770	-13.773651	▁subscribe
7771	-13.773651	▁tennessee
7772	-13.773652	▁backtrack
7773	-13.773652	▁nakiya
7774	-13.773652	▁pricing
7775	-13.773652	▁rinse
7776	-13.773685	▁prime
7777	-13.773698	▁blair
7778	-13.773846	clair
7779	-13.775582	▁bobbi
7780	-13.779860	huh
7781	-13.780151	fashioned
7782	-13.802185	searching
7783	-13.805909	▁accusation
7784	-13.805909	▁accusing
7785	-13.805909	▁acrobat
7786	-13.805909	▁afghanistan
7787	-13.805909	▁agility
7788	-13.805909	▁aleksandr
7789	-13.805909	▁analyzing
7790	-13.805909	▁association
7791	-13.805909	▁blindsided
7792	-13.805909	▁bookshelf
7793	-13.805909	▁chorus
7794	-13.805909	▁commuting
7795	-13.805909	▁component
7796	-13.805909	▁cruising
7797	-13.805909	▁curriculum
7798	-13.805909	▁describing
7799	-13.805909	▁distinct
7800	-13.805909	▁exploit
7801	-13.805909	▁faucet
7802	-13.805909	▁forbidden
7803	-13.805909	▁franchise
7804	-13.805909	▁graffiti
7805	-13.805909	▁hitchhiker
7806	-13.805909	▁identical
7807	-13.805909	▁infinity
7808	-13.805909	▁inhibitions
7809	-13.805909	▁kyndal
7810	-13.805909	▁leslie
7811	-13.805909	▁literacy
7812	-13.805909	▁manifest
7813	-13.805909	▁memorizing
7814	-13.805909	▁merchandise
7815	-13.805909	▁muslim
7816	-13.805909	▁nintendo
7817	-13.805909	▁nugget
7818	-13.805909	▁overdue
7819	-13.805909	▁persistent
7820	-13.805909	▁rafael
7821	-13.805909	▁railroad
7822	-13.805909	▁reggie
7823	-13.805909	▁renovation
7824	-13.805909	▁reunited
7825	-13.805909	▁storytelling
7826	-13.805909	▁underestimating
7827	-13.805909	▁vatican
7828	-13.805909	▁virtue
7829	-13.805909	▁whatsoever
7830	-13.805910	▁avyan
7831	-13.805910	▁maisy
7832	-13.805910	▁micheal
7833	-13.805910	▁suzanna
7834	-13.805911	▁aaliya
7835	-13.805911	▁aarush
7836	-13.805911	▁bryon
7837	-13.805911	▁gemini
7838	-13.805913	▁crane
7839	-13.805914	▁chelsi
7840	-13.805914	▁janiya
7841	-13.805914	▁sahar
7842	-13.805930	▁naomi
7843	-13.806009	▁kenadi
7844	-13.806097	▁joshua
7845	-13.810176	searches
7846	-13.825897	keeper
7847	-13.838237	▁dedicate
7848	-13.839242	▁acrylic
7849	-13.839242	▁burrito
7850	-13.839242	▁cappuccino
7851	-13.839242	▁chandler
7852	-13.839242	▁chirping
7853	-13.839242	▁circuit
7854	-13.839242	▁cleveland
7855	-13.839242	▁constricting
7856	-13.839242	▁detroit
7857	-13.839242	▁discharge
7858	-13.839242	▁educating
7859	-13.839242	▁grumpy
7860	-13.839242	▁headphones
7861	-13.839242	▁imaginative
7862	-13.839242	▁inquiries
7863	-13.839242	▁intrusive
7864	-13.839242	▁invincible
7865	-13.839242	▁jadelyn
7866	-13.839242	▁jasmyn
7867	-13.839242	▁jewish
7868	-13.839242	▁katrina
7869	-13.839242	▁kindergarden
7870	-13.839242	▁krystin
7871	-13.839242	▁lloyd
7872	-13.839242	▁napkin
7873	-13.839242	▁nucleus
7874	-13.839242	▁nuisance
7875	-13.839242	▁pajamas
7876	-13.839242	▁penalty
7877	-13.839242	▁penelope
7878	-13.839242	▁precision
7879	-13.839242	▁proficient
7880	-13.839242	▁raincoat
7881	-13.839242	▁rebellious
7882	-13.839242	▁revise
7883	-13.839242	▁sabotage
7884	-13.839242	▁styling
7885	-13.839242	▁tangible
7886	-13.839242	▁tequila
7887	-13.839242	▁unemployment
7888	-13.839243	▁absent
7889	-13.839243	▁alivia
7890	-13.839243	▁blister
7891	-13.839243	▁charisma
7892	-13.839243	▁clarify
7893	-13.839243	▁clutch
7894	-13.839243	▁gracy
7895	-13.839243	▁jaslyn
7896	-13.839243	▁kezia
7897	-13.839243	▁maximilian
7898	-13.839244	▁absence
7899	-13.839244	▁lilies
7900	-13.839244	▁outreach
7901	-13.839245	▁pawn
7902	-13.870026	surfing
7903	-13.873710	▁automatic
7904	-13.873725	intercept
7905	-13.873725	▁abraham
7906	-13.873725	▁appalachian
7907	-13.873725	▁bilingual
7908	-13.873725	▁campsite
7909	-13.873725	▁composer
7910	-13.873725	▁constitution
7911	-13.873725	▁declining
7912	-13.873725	▁dynasty
7913	-13.873725	▁earliest
7914	-13.873725	▁emphasize
7915	-13.873725	▁february
7916	-13.873725	▁fertilize
7917	-13.873725	▁gauge
7918	-13.873725	▁giancarlo
7919	-13.873725	▁heirloom
7920	-13.873725	▁hobbes
7921	-13.873725	▁inseparable
7922	-13.873725	▁investigator
7923	-13.873725	▁irritating
7924	-13.873725	▁miranda
7925	-13.873725	▁mischief
7926	-13.873725	▁montreal
7927	-13.873725	▁nfl
7928	-13.873725	▁obnoxious
7929	-13.873725	▁octavio
7930	-13.873725	▁overthrow
7931	-13.873725	▁pacific
7932	-13.873725	▁patriotic
7933	-13.873725	▁pneumonia
7934	-13.873725	▁razor
7935	-13.873725	▁rehabilitation
7936	-13.873725	▁resentful
7937	-13.873725	▁salvation
7938	-13.873725	▁scotland
7939	-13.873725	▁serial
7940	-13.873725	▁steffan
7941	-13.873725	▁takiya
7942	-13.873725	▁testimony
7943	-13.873725	▁travis
7944	-13.873725	▁utility
7945	-13.873725	▁vineyard
7946	-13.873726	▁intellectual
7947	-13.873726	▁kolbi
7948	-13.873726	▁neighbour
7949	-13.873726	▁wilfred
7950	-13.873727	assassin
7951	-13.873727	▁eleanor
7952	-13.873727	▁fidget
7953	-13.873727	▁krysta
7954	-13.873729	▁retreat
7955	-13.873764	▁crank
7956	-13.873786	giggles
7957	-13.873960	▁jackelin
7958	-13.874935	maintained
7959	-13.875213	▁enoc
7960	-13.892333	building
7961	-13.905741	grandparents
7962	-13.909396	▁enthusiast
7963	-13.909416	▁whisk
7964	-13.909439	▁accumulate
7965	-13.909439	▁achievable
7966	-13.909439	▁anthony
7967	-13.909439	▁biased
7968	-13.909439	▁brochure
7969	-13.909439	▁bungee
7970	-13.909439	▁colonies
7971	-13.909439	▁deluxe
7972	-13.909439	▁derrick
7973	-13.909439	▁dignity
7974	-13.909439	▁dslr
7975	-13.909439	▁eggplant
7976	-13.909439	▁elliptical
7977	-13.909439	▁hilton
7978	-13.909439	▁igneous
7979	-13.909439	▁innovating
7980	-13.909439	▁jaden
7981	-13.909439	▁lydia
7982	-13.909439	▁maggie
7983	-13.909439	▁malaysia
7984	-13.909439	▁manipulative
7985	-13.909439	▁massachusetts
7986	-13.909439	▁montana
7987	-13.909439	▁mosquito
7988	-13.909439	▁multiplied
7989	-13.909439	▁murray
7990	-13.909439	▁nelson
7991	-13.909439	▁nevaeh
7992	-13.909439	▁octavia
7993	-13.909439	▁paragraph
7994	-13.909439	▁rayleigh
7995	-13.909439	▁sauvignon
7996	-13.909439	▁solitude
7997	-13.909439	▁spreadsheet
7998	-13.909439	▁stabilize
7999	-13.909439	▁tiffani
